NPA,2011,2013,2015,2016,2017,2018,2020,2021,2022,2023,2011 Raw,2013 Raw,2015 Raw,2016 Raw,2017 Raw,2018 Raw,2020 Raw,2021 Raw,2022 Raw,2023 Raw
2,"20.1%","20.3%","19.1%","1.7%","0.8%","39.8%","34.9%","41.7%","36.1%","34%","218","219","206","18","9","431","376","469","408","339"
3,"95%","95.1%","91.1%","91.3%","91.8%","94.4%","93.5%","95.8%","97.2%","96.7%","4,245","4,513","4,330","4,320","4,848","5,598","7,484","7,676","8,274","5,527"
4,"15%","14.9%","14.4%","14.8%","0%","19.6%","35.5%","5.1%","2.7%","2.1%","60","60","58","60","0","82","144","21","11","8"
5,"9.3%","51.7%","52%","52.1%","49.4%","51.3%","41.4%","41.2%","46.3%","47%","31","170","172","170","159","163","142","142","161","158"
6,"86.5%","91.3%","85.8%","85.9%","83.4%","84.7%","62.2%","62.1%","83.7%","93.4%","714","749","701","701","679","684","494","502","679","699"
7,"36.9%","36.6%","36.6%","36.8%","36.9%","31.9%","31.9%","62.7%","64.9%","44.6%","155","155","156","157","159","138","133","477","493","219"
8,"24.1%","32.3%","32.1%","31.6%","0.5%","31%","0.8%","0.8%","28.2%","32.7%","217","331","331","327","5","335","9","9","327","335"
9,"99.7%","99.7%","99.7%","99.7%","100%","100%","100%","100%","100%","100%","304","304","301","304","294","304","322","321","320","268"
10,"79.6%","79.6%","79.7%","85.7%","85.6%","85.4%","84.2%","76.7%","86.2%","84.7%","1,273","1,270","1,269","1,365","1,358","1,364","1,436","1,315","1,497","1,238"
11,"58.7%","59.7%","46.3%","46.6%","30.7%","46.1%","46%","46.1%","47%","46%","710","723","567","571","378","578","563","565","582","535"
12,"0%","100%","100%","100%","100%","93%","100%","100%","100%","100%","0","1,257","1,257","1,257","1,257","1,169","1,257","1,257","1,257","1,253"
13,"23%","22.9%","23.6%","23.8%","23.8%","24%","22.8%","22.7%","23.7%","23.2%","416","415","432","435","436","440","337","336","433","422"
14,"62.7%","62.7%","62.6%","62.6%","62.8%","60.1%","55.2%","28.4%","62.4%","60.4%","1,012","1,012","1,011","1,010","1,011","968","892","459","1,007","975"
15,"0%","0%","0%","0%","0%","0%","0%","0%","0%","0%","0","0","0","0","0","0","0","0","0","0"
16,"60.8%","60.7%","53.8%","67.3%","41.2%","63%","51.6%","51.7%","59.1%","63.1%","1,288","1,281","1,137","1,422","871","1,331","1,091","1,093","1,249","1,331"
17,"32.5%","33.1%","33.1%","33.2%","33.2%","33.4%","34.1%","34.2%","40.1%","33.4%","408","416","416","416","416","418","427","428","502","417"
18,"82%","82.9%","83.3%","73.4%","71.7%","64.7%","73.9%","74.5%","81.9%","80.9%","1,309","1,401","1,412","1,243","1,194","1,090","1,254","1,302","1,487","1,289"
19,"35.2%","35.1%","35.1%","35.1%","34.4%","29.3%","31.7%","31.6%","34.5%","31.8%","618","618","618","618","607","518","567","567","619","559"
20,"74.5%","74.6%","74.6%","74.6%","54.3%","57%","37.3%","77.8%","73%","56.8%","1,083","1,083","1,083","1,083","789","827","541","1,130","1,073","826"
21,"41%","43.2%","43.4%","43.5%","0%","0%","0%","0%","0%","0%","479","525","529","532","0","0","0","0","0","0"
22,"0%","0%","0%","0%","0%","0%","0%","0%","0%","0%","0","0","0","0","0","0","0","0","0","0"
23,"0%","0%","0%","0%","0%","0%","0%","0%","0%","0%","0","0","0","0","0","0","0","0","0","0"
24,"0%","0%","0%","33%","35.9%","27.9%","28%","0%","0%","12%","0","0","0","147","160","119","113","0","0","37"
25,"26.6%","26.6%","26.6%","26.5%","26.3%","15.1%","32.6%","32.5%","30.2%","20.2%","296","296","296","296","296","172","387","387","359","227"
26,"0%","0%","0%","0%","0%","0%","0%","0%","0%","0%","0","0","0","0","0","0","0","0","0","0"
27,"68%","68.2%","68.2%","68.2%","68.2%","66.2%","61.1%","60.7%","66.7%","66.6%","673","674","674","674","674","653","615","615","674","656"
28,"93.9%","93.6%","62.4%","92.9%","62.2%","90.4%","93.8%","93.9%","93%","91.5%","512","513","343","511","344","506","549","552","547","472"
29,"0%","0%","0%","0%","0%","0%","0%","0%","0%","0%","0","0","0","0","0","0","0","0","0","0"
30,"1.2%","1.4%","17.8%","51.8%","56.6%","57.7%","46.8%","45.6%","45.3%","42.8%","6","7","152","511","620","634","744","728","727","563"
31,"4.4%","4.4%","4%","4.1%","4.6%","3.2%","30.2%","30.2%","5.6%","10.6%","30","30","27","28","31","22","207","207","38","72"
32,"100%","100%","100%","100%","100%","100%","100%","100%","100%","100%","220","220","220","220","220","220","220","220","220","318"
33,"95.9%","94.2%","93.5%","93.5%","93.5%","93.8%","93.6%","94.1%","62.7%","94.1%","587","587","587","587","587","589","586","586","392","586"
34,"32.7%","34.6%","35.4%","35.4%","33.7%","34.1%","42%","41.7%","37.8%","33.9%","258","280","288","292","281","311","611","616","566","296"
35,"0%","0%","0%","0%","0%","0%","0%","0%","0%","0%","0","0","0","0","0","0","0","0","0","0"
36,"21.7%","21.2%","31.9%","31.9%","36.3%","38.1%","36.2%","36.2%","36.2%","38.2%","223","223","393","393","482","507","482","482","482","507"
37,"4.8%","4.5%","4.4%","4.4%","4.5%","8.5%","16.7%","16.9%","17.3%","8.7%","38","35","34","34","35","67","182","185","189","60"
38,"14.6%","32.2%","18.8%","25.7%","17.7%","21.2%","23.6%","27.4%","25.5%","20%","123","271","158","216","149","178","195","236","279","166"
39,"0%","0%","0%","0%","0%","9.5%","0%","0%","0%","0%","0","0","0","0","0","94","0","0","0","0"
40,"66.7%","71.1%","71.1%","78.1%","68%","67%","84.4%","75.8%","64.6%","78%","789","841","841","930","811","820","1,044","941","805","944"
41,"42.5%","46.2%","46.2%","45.8%","37.5%","48.8%","49%","49%","37.5%","49.6%","329","357","357","354","290","378","379","379","290","389"
42,"3.5%","3.5%","3.5%","3.5%","3.5%","2.1%","2.1%","2.1%","3.5%","2.1%","46","46","46","46","46","28","28","28","46","28"
43,"62.4%","61.9%","61.6%","61.5%","61.6%","59.6%","62.1%","61.8%","61.3%","60%","395","403","403","403","403","390","406","406","401","389"
44,"0.4%","0.4%","0.4%","0.4%","0.4%","0%","0%","0%","0.4%","0%","2","2","2","2","2","0","0","0","2","0"
45,"0%","0%","0%","3.3%","8.1%","2.7%","32.2%","32.3%","30.2%","3.3%","0","0","0","39","104","44","833","840","785","45"
46,"34.9%","34.9%","34.9%","34.9%","34.9%","0%","0%","0%","0%","0%","334","334","334","334","334","0","0","0","0","0"
47,"99.8%","100%","100%","100%","0%","98.3%","99.7%","0%","0%","0%","640","640","640","639","0","596","600","0","0","0"
48,"0%","0%","0%","0%","0%","0%","0%","0%","0%","0.3%","0","0","0","0","0","0","0","0","0","2"
49,"0%","0%","0%","0%","0%","0%","0%","0%","0%","0%","0","0","0","0","0","0","0","0","0","0"
50,"64%","64%","71.5%","69%","70.4%","71.3%","66.7%","40.2%","15%","71.5%","674","674","754","727","742","751","651","393","148","754"
51,"0%","0%","0%","0%","0%","0%","0%","0%","18.5%","0%","0","0","0","0","0","0","0","0","255","0"
52,"23.7%","23.4%","37.6%","37.6%","34.7%","60.6%","92.2%","27.6%","25.5%","29.8%","211","208","207","207","207","451","746","223","207","253"
53,"32.2%","33.8%","41.1%","25.3%","29.2%","0%","37.4%","37.3%","22.1%","41.5%","340","358","502","309","309","0","396","396","308","506"
54,"0.7%","0.9%","0.9%","0.9%","2.3%","7.4%","2.8%","2.8%","2.3%","7.5%","4","5","5","5","13","42","16","16","13","41"
55,"5%","5.1%","5.1%","5.1%","0%","0%","0%","0%","0%","2.4%","40","41","41","41","0","0","0","0","0","20"
56,"84.1%","84.1%","95.6%","95.6%","95.3%","85.7%","87.6%","87.6%","96.1%","85.7%","302","302","348","348","347","312","318","318","349","311"
57,"0%","0%","0%","0%","0%","0%","72.1%","0%","0%","0%","0","0","0","0","0","0","589","0","0","0"
58,"85.4%","85.4%","89.1%","89.3%","52.4%","53.5%","48.9%","48.9%","52.4%","53.5%","414","414","432","432","254","260","236","236","253","260"
59,"47.9%","47.9%","61.1%","61.3%","52.1%","61.2%","78.2%","78.1%","51.7%","60.1%","532","532","678","680","578","679","880","880","694","646"
60,"63.9%","66%","66%","72.3%","77.2%","0%","0%","0%","0%","0%","638","745","744","1,000","1,300","0","0","0","0","0"
61,"8.8%","8.8%","8.8%","8.5%","8.5%","0%","0%","0%","0%","0%","38","38","38","37","37","0","0","0","0","0"
62,"0%","0%","0%","0%","0%","0%","--","--","--","0%","0","0","0","0","0","0","0","0","0","0"
64,"30.6%","30.5%","29.2%","30%","5.4%","0%","10.1%","10.1%","5.5%","0%","603","603","603","613","138","0","255","255","138","0"
65,"0%","0%","0%","0%","0%","0%","0%","45.7%","45.7%","46.2%","0","0","0","0","0","0","0","555","555","566"
66,"52.1%","52.3%","55.5%","55.5%","55.5%","77.8%","77.8%","77.8%","55.5%","77.8%","654","661","751","751","751","1,053","1,053","1,053","751","1,054"
67,"0%","0%","0%","0%","0%","0%","0%","0%","0%","0%","0","0","0","0","0","0","0","0","0","0"
68,"0%","64.3%","64.3%","64.4%","64.4%","54.9%","51.7%","51.7%","64.5%","55.2%","0","729","729","729","729","621","584","584","728","625"
69,"69%","68.9%","63%","67%","67.1%","66.3%","78.2%","78.2%","78.7%","67.2%","520","520","400","482","482","478","845","845","850","480"
70,"66.1%","66.2%","66%","66%","66%","39.9%","45.4%","45.5%","65.3%","44.1%","345","346","344","344","343","207","236","237","341","229"
71,"60.6%","60.2%","59.9%","59.9%","59.9%","60%","19.1%","19.1%","38.2%","59.7%","853","853","854","854","854","855","268","268","537","843"
72,"29.2%","37.7%","37.7%","39.3%","30.5%","32.7%","11.4%","11.4%","17.2%","33.4%","164","444","443","443","441","593","217","217","331","598"
73,"1.9%","1.8%","1.8%","1.7%","1.7%","1.1%","0.3%","0.2%","1.4%","1.5%","19","19","19","19","19","12","4","3","21","16"
74,"69.1%","69.1%","69.2%","69.2%","69.2%","68.6%","68.2%","68.2%","69.2%","68.6%","511","511","512","512","512","508","505","505","512","508"
75,"86.7%","88%","88.8%","88.8%","88.7%","93.2%","94.3%","94.3%","92.8%","92.7%","582","650","706","706","702","744","1,234","1,234","1,214","749"
76,"0.4%","0.3%","0.4%","3.1%","3.1%","4.2%","4.8%","4.5%","2.2%","8.4%","3","3","4","36","36","49","59","59","34","96"
77,"50.3%","48.9%","54.3%","58.6%","58.6%","57.7%","55.3%","55.8%","60.4%","57.6%","1,031","1,040","1,220","1,316","1,315","1,294","1,277","1,299","1,415","1,290"
78,"0%","41.7%","40.9%","40.6%","40.6%","45%","69.1%","69.1%","48.5%","44.7%","0","374","373","373","373","414","755","755","530","410"
79,"100%","100%","100%","100%","100%","0%","76.3%","76.3%","100%","100%","679","679","518","518","679","0","518","518","679","519"
80,"0%","0%","0%","0%","0%","0%","0%","0%","0%","0%","0","0","0","0","0","0","0","0","0","0"
81,"0%","55.7%","55.7%","55.7%","56.9%","39.3%","68%","68%","63.4%","39.8%","0","253","253","253","265","183","317","317","347","187"
82,"35.7%","35.7%","35.7%","46.2%","45.1%","49.7%","21.8%","21.8%","45.2%","49.9%","322","322","322","524","524","589","253","253","524","588"
83,"0%","0%","0%","0%","0%","0%","0%","0%","0%","0%","0","0","0","0","0","0","0","0","0","0"
84,"16.8%","16.9%","17%","15.4%","12.6%","10.7%","3.9%","1.6%","1.9%","4.1%","46","46","45","37","29","28","13","11","13","7"
85,"37.1%","37.1%","37.2%","37.2%","37.2%","31.5%","28%","27.8%","36.6%","31.5%","290","288","287","286","285","240","211","209","279","239"
86,"71.8%","66.3%","61.1%","60.8%","60.8%","100%","100%","100%","100%","100%","754","658","682","678","678","1,116","2,276","2,276","2,276","2,495"
87,"66.7%","66.2%","66.3%","27.9%","27.7%","100%","56.5%","56.5%","54.5%","46.4%","460","453","452","190","189","696","407","407","391","300"
88,"0%","0%","0%","0%","0%","0%","0%","0%","0%","4.1%","0","0","0","0","0","0","0","0","0","19"
89,"41.5%","41.5%","41.5%","41.3%","0%","0%","0%","0%","0%","0%","228","228","228","227","0","0","0","0","0","0"
90,"67.6%","67.5%","67.5%","63.9%","63.9%","66.8%","66.1%","66.1%","64.1%","63%","558","559","559","529","529","554","547","547","530","519"
91,"0%","0%","0%","0%","0%","0%","0%","0%","0%","0%","0","0","0","0","0","0","0","0","0","0"
92,"100%","100%","100%","100%","98.1%","100%","98.6%","98.6%","81.3%","100%","909","1,058","1,330","1,344","1,318","1,476","1,510","1,534","1,583","1,396"
93,"99.4%","99.4%","99.4%","99.4%","99.4%","99.4%","99.7%","99.7%","99.6%","99.4%","620","620","620","620","620","620","620","620","484","620"
94,"6.6%","18.5%","24.5%","15.9%","15.9%","0%","38.5%","38.5%","41.7%","12.1%","25","70","93","60","60","0","145","145","228","46"
95,"61.6%","61.6%","61.6%","61.5%","63.4%","61.5%","52.3%","52.3%","97.3%","61.5%","414","414","414","413","426","413","352","352","655","413"
96,"38.6%","34.9%","44%","48.3%","49.9%","25%","30.1%","37.7%","52.2%","34.4%","456","531","793","900","960","494","653","819","1,134","619"
97,"4.3%","4.3%","4.2%","4.2%","4.9%","13.6%","16.7%","16.7%","17.5%","11.8%","66","66","66","66","77","218","310","310","325","186"
98,"0.1%","0.1%","1.1%","1%","1%","0.8%","0%","0.7%","0.7%","0.8%","1","1","10","10","10","9","0","9","10","9"
99,"0%","0%","0%","0%","0%","0%","43.4%","0%","0%","0%","0","0","0","0","0","0","280","0","0","0"
100,"25%","23.3%","23.3%","23%","0.6%","1.1%","16.6%","0%","0%","25.9%","175","163","163","161","4","8","116","0","0","181"
101,"0%","0%","0%","0%","0%","0%","0%","0%","0%","0%","0","0","0","0","0","0","0","0","0","0"
102,"14.7%","14.7%","14.7%","14.7%","14.7%","8.8%","13.4%","13.3%","16%","8.4%","77","77","77","77","77","46","71","71","86","44"
103,"0%","0%","0%","0%","0%","0%","0%","0%","0%","0%","0","0","0","0","0","0","0","0","0","0"
105,"8.1%","7.2%","6%","5.1%","4.6%","1.1%","3.4%","3.4%","4%","1.3%","35","38","38","40","40","11","34","34","40","11"
106,"97.9%","97.9%","97.9%","50.2%","50.2%","50.3%","50.8%","50.8%","98.1%","44.3%","714","714","714","366","366","367","371","371","716","287"
107,"1%","38.8%","38.8%","61.6%","1.6%","1.2%","88.2%","0%","0%","0.7%","11","416","416","416","11","8","573","0","0","7"
108,"0%","0%","0%","0%","0%","0%","6.6%","0%","0%","0%","0","0","0","0","0","0","36","0","0","0"
109,"43.5%","44.2%","43%","44.5%","45.9%","39.8%","53.2%","52.8%","53.9%","39.4%","364","385","393","421","448","392","631","633","662","371"
110,"33.3%","33.1%","33%","33%","33%","32.5%","74.6%","75.2%","73.7%","50.4%","251","251","250","251","251","246","961","1,004","1,020","377"
111,"0%","0%","0%","17%","30%","18%","12.3%","12.2%","16.3%","20.4%","0","0","0","184","329","249","245","245","329","249"
112,"0%","0%","0%","0%","0%","0%","0%","0%","0%","0%","0","0","0","0","0","0","0","0","0","0"
113,"0%","0%","0%","0%","0%","0%","0%","0%","0%","0%","0","0","0","0","0","0","0","0","0","0"
114,"0%","0%","0%","0%","0%","0%","0%","0%","0%","9.3%","0","0","0","0","0","0","0","0","0","39"
115,"33.4%","12.3%","11.7%","11.5%","42.3%","20.6%","24.8%","24.8%","11.1%","44.4%","509","212","212","212","777","378","474","474","212","854"
116,"80.8%","76.1%","73.4%","71.7%","59.5%","63.3%","20.5%","19.7%","36.2%","85.2%","905","911","907","906","787","872","382","395","868","1,115"
117,"0%","22.6%","21.9%","21.5%","20.5%","20.3%","17.5%","16.8%","16.5%","20.5%","0","318","318","318","302","318","318","318","318","318"
118,"0%","0%","0%","0%","0%","0%","0%","0%","0%","0%","0","0","0","0","0","0","0","0","0","0"
119,"25.2%","25%","25.1%","25.1%","0%","23.6%","18.7%","17.5%","13.5%","24.3%","118","117","117","117","0","110","153","154","119","112"
120,"0%","0%","0%","0%","0%","0%","0%","0%","0%","0%","0","0","0","0","0","0","0","0","0","0"
121,"0.1%","0.1%","0.1%","0.1%","0.1%","70.7%","2.1%","2.1%","2.9%","4.3%","1","1","1","1","1","584","19","19","34","35"
122,"--","--","--","--","--","--","--","--","--","--","0","0","0","0","0","0","0","0","0","0"
123,"1.3%","1.3%","1.3%","1.3%","1.3%","1.3%","1.2%","1.2%","28.3%","21.7%","14","14","14","14","14","14","13","13","308","235"
124,"93%","93%","71.5%","71.5%","71.8%","66%","79.4%","79.2%","76.3%","72.5%","828","828","636","635","635","584","840","842","790","637"
125,"0%","0%","0%","0%","0%","0%","0.5%","0.5%","0%","0%","0","0","0","0","0","0","7","7","0","0"
126,"0%","0%","0%","0%","0%","0%","0%","0%","0%","0%","0","0","0","0","0","0","0","0","0","0"
127,"58.5%","27%","27%","27%","27%","37.2%","64.2%","92.7%","41.5%","29.3%","578","267","267","267","267","418","718","1,035","463","285"
128,"7.7%","7.7%","7.7%","46.1%","47.2%","46.1%","73%","73%","47%","28.2%","80","80","80","480","481","469","742","745","480","215"
129,"26.4%","26.2%","27.2%","27%","27%","17.8%","8.9%","8.9%","34.4%","19.7%","229","228","236","235","235","155","77","77","299","171"
130,"0%","0%","0%","0%","0%","0%","0%","0%","0%","0%","0","0","0","0","0","0","0","0","0","0"
131,"1.1%","16.3%","17.1%","17%","1%","2.1%","18.7%","0%","0%","2.1%","8","123","135","136","8","17","155","0","0","17"
132,"0%","0%","0%","0%","0%","0%","0%","10.8%","0.4%","0.4%","0","0","0","0","0","0","0","31","1","1"
133,"27.5%","27.8%","27.8%","27.8%","0%","3.1%","0%","65.8%","42.1%","42.4%","172","174","174","174","0","17","0","408","261","261"
134,"100%","100%","100%","100%","0%","0%","0%","0%","0%","0%","449","449","449","449","0","0","0","0","0","0"
135,"100%","100%","100%","100%","100%","100%","100%","100%","100%","100%","554","555","555","555","555","555","654","654","654","555"
136,"3.3%","3.2%","3.2%","3.2%","3.1%","9.5%","10.3%","0%","0.1%","9.2%","25","25","26","26","26","80","88","0","1","76"
137,"1.7%","1.6%","1.3%","1.1%","0%","1.1%","0.9%","0.9%","0%","1.1%","9","9","7","6","0","6","5","5","0","6"
138,"0%","0%","0%","0%","0%","0%","0%","0%","0%","0%","0","0","0","0","0","0","0","0","0","0"
139,"20.6%","17.2%","18.9%","18.9%","18.9%","15.5%","24%","24%","35.8%","45.2%","115","114","125","125","125","102","134","134","201","293"
140,"22.8%","20.7%","28.4%","28.3%","0%","23.4%","24%","22.6%","17.9%","23.6%","226","223","305","304","0","252","280","280","222","249"
141,"0%","0%","98.2%","98%","97.9%","0%","0%","0%","0%","98.8%","0","0","334","335","331","0","0","0","0","320"
142,"41%","100%","100%","100%","100%","14.3%","33.5%","33.3%","39.4%","97.7%","533","1,299","1,299","1,299","1,299","186","446","446","535","1,265"
143,"9.7%","9.8%","9.8%","9.9%","9%","13.4%","14.8%","14.8%","9.2%","13.8%","60","61","61","61","56","84","100","100","62","86"
144,"51.2%","51.4%","52.1%","52%","51.5%","94.3%","94.7%","94.7%","49.5%","54.6%","468","473","498","502","506","932","930","931","501","531"
145,"5.3%","5.3%","5.4%","5.4%","1.2%","1.9%","58%","0.3%","1.2%","1.7%","34","34","35","35","8","12","375","2","8","11"
146,"52.9%","61.6%","61.6%","61.6%","62.6%","65.8%","41%","35.7%","62.5%","52.4%","340","407","407","411","435","457","285","249","434","364"
147,"19.9%","23.9%","24.4%","25.4%","27.5%","28.9%","28.9%","28.8%","25.3%","29.3%","207","253","261","275","284","324","323","322","283","324"
148,"52%","51.3%","51.3%","51.4%","50.1%","48.3%","54.7%","55%","47.7%","54.6%","482","483","483","483","471","468","544","550","474","514"
149,"43.4%","39.5%","36.2%","36.2%","36.2%","45%","43.9%","43.7%","34.3%","44.5%","161","162","162","162","162","201","205","205","162","198"
150,"8.1%","8.1%","8.1%","8.1%","8.1%","0%","15.7%","0%","0%","14.5%","55","55","55","55","55","0","116","0","0","100"
151,"0%","0%","0%","0%","0%","11.4%","0%","0%","0%","0%","0","0","0","0","0","148","0","0","0","0"
152,"0%","0%","0%","0%","0%","0%","0%","0%","0%","0%","0","0","0","0","0","0","0","0","0","0"
153,"45.2%","45.2%","19.1%","19.1%","19.1%","17.2%","41.1%","50.9%","53.5%","43.8%","554","554","234","234","234","211","503","779","863","534"
154,"47.2%","47.1%","48%","48%","44.6%","45.5%","46.2%","44.2%","42.5%","42.7%","539","539","549","549","510","520","531","531","510","486"
155,"3.2%","3%","3%","11.5%","32.5%","25.7%","28.7%","28.7%","32.5%","26.2%","31","30","30","119","455","361","405","407","462","357"
156,"0%","0%","35.5%","36.2%","36%","29.8%","30%","28.6%","32.4%","29.8%","0","0","429","454","454","385","425","424","496","384"
157,"0%","0%","0%","0%","0%","0%","36.5%","36.5%","28.9%","1%","0","0","0","0","0","0","205","205","205","2"
158,"0%","0%","0%","0%","0%","0%","0%","0%","0%","0%","0","0","0","0","0","0","0","0","0","0"
159,"0%","0%","0%","0%","0%","0%","0%","0%","0%","0%","0","0","0","0","0","0","0","0","0","0"
160,"0%","0%","0%","0%","0%","0%","0%","0%","0%","0%","0","0","0","0","0","0","0","0","0","0"
161,"0%","0%","0%","0%","0%","0%","0%","0%","0%","0%","0","0","0","0","0","0","0","0","0","0"
162,"0%","0%","43.2%","47.4%","31.9%","43.6%","51.4%","52.3%","51.1%","44.4%","0","0","301","330","222","303","357","363","384","307"
163,"100%","100%","100%","100%","100%","100%","100%","100%","100%","100%","539","540","544","528","522","837","880","908","912","591"
164,"76.5%","76.3%","75.4%","69.4%","55.9%","70%","59.8%","78.5%","93.1%","72.3%","1,394","1,385","1,315","1,225","986","1,168","1,091","1,436","1,703","1,323"
165,"84.2%","84.3%","84.3%","86.8%","86.9%","85.4%","86%","84.2%","74.3%","86.5%","770","768","768","791","790","776","782","765","675","789"
166,"8.7%","0%","65.1%","84.2%","92.8%","86.1%","19.7%","86.9%","99.5%","92.4%","47","0","350","452","499","463","106","510","584","495"
167,"0%","0%","0%","72.4%","72.2%","72%","72.2%","72.2%","59.1%","70.1%","0","0","0","260","260","260","260","260","260","260"
168,"16%","16%","16%","15.9%","16%","14.4%","15.6%","15.6%","16%","14.4%","101","101","101","101","101","91","99","99","101","91"
169,"1.4%","1.4%","1.4%","1.3%","9.5%","17.8%","30.2%","30.2%","13.3%","25.2%","11","11","11","11","89","180","364","364","160","278"
170,"34.1%","34.1%","34%","34.1%","34.9%","12.5%","13.4%","13.4%","33.4%","28.5%","215","215","215","215","220","80","86","86","214","183"
171,"81.4%","81.4%","81.2%","83%","85.2%","89%","81.4%","90.9%","85.4%","88.9%","328","328","323","367","432","451","419","468","440","458"
172,"34.9%","37.1%","37.7%","37.8%","37.8%","27.1%","37.6%","40.2%","56.4%","33.4%","369","412","427","430","429","309","664","744","1,044","514"
173,"0%","0%","14.9%","17.7%","0%","0%","0%","0%","0%","0%","0","0","60","74","0","0","0","0","0","0"
174,"26%","26.1%","26.2%","28.9%","28.9%","29.2%","24.2%","17.1%","17.1%","49.1%","164","164","164","181","181","181","145","202","203","401"
175,"0%","0%","0%","0%","0%","0%","0%","0%","0%","0%","0","0","0","0","0","0","0","0","0","0"
176,"28.1%","28.1%","28.1%","28%","24.6%","24.7%","0.9%","44.9%","38.7%","24.8%","326","326","326","326","286","287","10","523","451","288"
177,"25.9%","23.4%","23.4%","23.2%","23.3%","20.5%","19.7%","19.7%","20.3%","23.9%","184","184","184","184","185","191","181","181","187","189"
178,"0%","0%","12.9%","21.9%","21.7%","21.2%","0%","0%","14.3%","18.9%","0","0","152","287","284","287","0","1","365","284"
179,"23.6%","23.7%","31.5%","23.9%","23.3%","20.8%","19.4%","19.1%","19.3%","24.5%","157","158","210","158","153","163","154","152","154","156"
180,"4.5%","4.6%","4.4%","4.2%","4.1%","2.8%","0.6%","0.6%","4.6%","3.3%","21","22","22","22","22","15","3","3","25","17"
181,"45%","44.3%","45.3%","45.3%","44.7%","44%","46.5%","46.5%","45%","44.1%","548","548","572","574","568","559","589","589","571","558"
182,"0%","0%","0%","0%","0%","0%","0%","31.3%","29.9%","31.9%","0","0","0","0","0","0","0","84","80","86"
183,"0%","0%","17.4%","16.3%","14.5%","16.5%","71.4%","71.6%","16.6%","15.9%","0","0","61","57","51","58","247","249","58","55"
184,"43.7%","40.6%","84.9%","85.1%","85.1%","85.9%","36.8%","75.7%","75.6%","84.4%","379","280","587","586","582","598","248","513","525","508"
185,"0%","100%","100%","100%","100%","50.7%","96.1%","96.1%","50.8%","100%","0","1,368","1,366","1,367","1,369","694","1,314","1,314","694","1,196"
186,"33.7%","33.8%","33.7%","33.8%","3%","3.4%","2.6%","2.4%","3%","3.5%","278","279","279","280","25","28","22","20","25","29"
187,"62%","62%","77%","77%","77%","73.1%","0.5%","0.5%","77.2%","72.8%","251","251","312","312","312","296","2","2","312","294"
188,"71.8%","70.1%","69.8%","69.4%","69.4%","88.7%","54.2%","52.9%","65.1%","68.9%","510","509","509","508","506","685","447","447","555","511"
189,"88.3%","88.3%","88.3%","88.3%","88.3%","88.3%","88.3%","88.3%","88.3%","88.3%","400","400","400","400","400","400","400","400","400","400"
190,"0%","0%","0%","0%","0%","0%","0%","0%","0%","0%","0","0","0","0","0","0","0","0","0","0"
191,"54.8%","54.6%","54.4%","54.4%","54.6%","43.9%","48.2%","48.7%","32.2%","44.2%","517","516","514","514","516","415","456","466","308","404"
192,"0%","0%","0%","0%","0%","0%","0%","0%","0%","0.3%","0","0","0","0","0","0","0","0","0","4"
193,"64.6%","64.3%","55.4%","64.4%","51.2%","68.9%","81.8%","76%","75.6%","69.5%","368","366","314","365","290","395","589","553","561","413"
194,"4.2%","4.1%","23%","22.8%","22.2%","14.8%","14%","13.8%","20%","15.6%","42","41","231","231","231","162","157","157","229","162"
195,"0%","0%","0%","0%","0%","0%","0%","0%","0%","0%","0","0","0","0","0","0","0","0","0","0"
196,"42.1%","41.7%","41.3%","40.7%","40.2%","41.4%","42.6%","47.5%","41.3%","47%","303","300","300","300","300","307","354","436","379","382"
197,"0.3%","0.3%","0.3%","0.3%","0.3%","0.2%","0.3%","0%","0%","0.2%","3","3","3","3","3","2","3","0","0","2"
198,"0%","0%","0%","0%","0%","0%","0%","0%","0%","0%","0","0","0","0","0","0","0","0","0","0"
199,"0%","0%","0%","0%","0%","0%","0%","0%","2.4%","6.9%","0","0","0","0","0","0","0","0","32","96"
200,"0%","0%","0%","0%","0%","0%","0%","0%","0%","1.3%","0","0","0","0","0","0","0","0","0","6"
201,"24.7%","24.5%","24.5%","24.4%","24.3%","25.7%","26.3%","26.3%","23.9%","25.8%","285","283","283","281","282","302","314","314","285","299"
202,"4.5%","4.5%","4.5%","4.5%","0%","0%","38.6%","0%","0%","0%","32","32","32","32","0","0","274","0","0","0"
203,"0%","0%","0%","0%","0%","0%","0%","0%","0%","0%","0","0","0","0","0","0","0","0","0","0"
204,"99.4%","99.4%","99.4%","99.4%","98.1%","89.3%","90.1%","90.1%","94.9%","92.5%","613","614","614","614","631","598","607","607","638","596"
205,"0%","0%","0%","0%","0%","0%","0%","0%","0%","0%","0","0","0","0","0","0","0","0","0","0"
206,"49.5%","49.5%","70.7%","70.7%","70.6%","65.3%","71.9%","71.9%","70.6%","65.5%","280","280","400","400","399","369","406","406","399","370"
207,"0%","0%","0%","0%","0%","40.7%","40%","39.5%","0%","40.9%","0","0","0","0","0","755","755","755","0","755"
208,"0%","0%","0%","0%","0%","0%","0.3%","0.3%","0%","0%","0","0","0","0","0","0","2","2","0","0"
209,"11.7%","11.5%","10.7%","8.5%","8.3%","6.8%","7.9%","7.9%","7%","7%","123","123","123","123","123","103","138","138","122","102"
210,"99.8%","99.8%","99.8%","99.7%","98.9%","99.9%","100%","100%","99.7%","100%","1,266","1,266","1,263","1,500","1,492","1,517","1,541","1,541","1,537","1,507"
211,"0%","0%","0%","0%","0%","0%","0%","0%","0%","0%","0","0","0","0","0","0","0","0","0","0"
212,"53.1%","53.1%","53.1%","53.1%","57.5%","50.1%","43.9%","43.9%","57.5%","59.7%","265","265","265","265","287","250","217","217","284","365"
213,"31.5%","31.4%","31.3%","27.4%","0%","28.6%","30.9%","46.1%","46.1%","26.2%","197","197","197","165","0","168","144","276","275","164"
215,"0%","0%","0%","0%","0%","0%","0%","0%","0%","0%","0","0","0","0","0","0","0","0","0","0"
216,"56.8%","56.9%","57.4%","56.9%","0%","61%","49.3%","0%","0%","0%","205","206","206","206","0","228","182","0","0","0"
217,"0%","0%","0%","0%","0%","0%","0%","0%","0%","0%","0","0","0","0","0","0","0","0","0","0"
218,"29.7%","29.7%","29.7%","33.7%","33.7%","30%","32.5%","32.6%","34.9%","29.1%","364","364","364","362","362","368","348","349","374","354"
219,"8.7%","11.4%","11.7%","29.1%","30.1%","29.7%","27.3%","27.3%","52.2%","31.1%","65","89","92","286","299","297","275","274","759","476"
220,"45.5%","50.8%","50.8%","50.8%","37.3%","46.4%","42.8%","42.9%","37.4%","37.8%","301","336","335","335","246","306","281","282","246","249"
221,"64.3%","64.3%","62.7%","54.6%","25.7%","24.1%","24%","23.9%","25.9%","24.1%","642","642","642","642","303","285","283","283","306","284"
222,"0%","0%","0%","0%","0%","0%","0%","0%","0%","0%","0","0","0","0","0","0","0","0","0","0"
223,"47.1%","55.3%","55.3%","55%","55.4%","54.1%","55.2%","55.2%","48.2%","55%","319","373","373","367","364","355","364","364","317","360"
224,"14.7%","14.7%","14.7%","14.7%","14.7%","8.8%","11.4%","11.4%","14.8%","9%","158","158","158","158","158","94","122","122","158","96"
225,"0%","0%","0%","0%","0%","0%","0%","0%","0%","0%","0","0","0","0","0","0","0","0","0","0"
226,"10.3%","10.1%","10.1%","10.1%","0%","29.8%","28.8%","28.8%","22.7%","28.4%","49","48","48","48","0","142","137","137","108","134"
227,"0%","0%","0%","0%","0%","0%","0%","0%","0%","0%","0","0","0","0","0","0","0","0","0","0"
228,"0%","0%","0%","0%","0%","0%","0%","0%","0%","0%","0","0","0","0","0","0","0","0","0","0"
229,"10.6%","8.8%","8.2%","7.3%","5.1%","2.4%","4.8%","3.5%","2.8%","2.4%","64","62","63","63","49","26","61","60","53","27"
230,"0%","0%","0%","0%","0%","82%","0%","0%","0%","0%","0","0","0","0","0","1,010","0","0","0","0"
231,"35.7%","37.5%","58.3%","58.9%","59.3%","59.1%","59.4%","63.7%","49.6%","59.6%","258","274","640","652","665","665","666","913","915","650"
232,"27.6%","27.5%","44.1%","75.1%","75.3%","83.5%","88%","88%","65.6%","61.4%","257","257","415","715","747","834","1,212","1,212","1,132","822"
233,"0%","0%","0%","0%","0%","0%","0%","0%","0%","0%","0","0","0","0","0","0","0","0","0","0"
234,"0%","0%","0%","0%","0%","0%","0%","0%","0%","0%","0","0","0","0","0","0","0","0","0","0"
235,"21.3%","1.7%","29%","1.5%","1.5%","21.3%","1.7%","1.7%","1.8%","21.6%","193","15","263","14","14","195","16","16","17","194"
236,"23.1%","22.6%","22.6%","22.6%","22.7%","24.9%","11.1%","11.1%","14.7%","30%","102","101","102","102","103","109","44","44","59","139"
237,"0%","0%","0%","0%","0%","0%","0%","0%","0%","0%","0","0","0","0","0","0","0","0","0","0"
238,"46.2%","46.3%","46.3%","46.3%","46.3%","29.8%","53.5%","39.5%","28.6%","54.5%","407","408","408","408","407","262","483","379","284","478"
240,"100%","100%","100%","100%","95.7%","100%","98.3%","98.4%","100%","100%","888","889","888","888","850","885","1,128","1,133","1,164","922"
241,"0%","0%","0%","0%","0%","0%","0%","0%","0%","0%","0","0","0","0","0","0","0","0","0","0"
242,"0%","0%","0%","0%","0%","0%","0%","0%","0%","0%","0","0","0","0","0","0","0","0","0","0"
243,"0%","0%","0%","0%","0%","0%","0%","0%","0%","0%","0","0","0","0","0","0","0","0","0","0"
244,"0%","0%","0%","0%","0%","55.3%","0%","0%","0%","0%","0","0","0","0","0","383","0","0","0","0"
245,"0%","0%","0%","0%","0%","0%","0.3%","0%","0%","0%","0","0","0","0","0","0","2","0","0","0"
246,"55.5%","55.4%","55.4%","55.4%","55.4%","58.4%","81.3%","81.3%","55.5%","58.4%","669","668","668","668","668","703","977","977","667","703"
247,"100%","79.5%","79.5%","100%","100%","100%","100%","100%","100%","100%","454","361","360","453","453","453","458","458","458","455"
248,"72%","72%","72%","72%","72%","73%","99.4%","99.4%","52.4%","76.3%","602","602","602","602","602","610","630","630","332","598"
249,"100%","100%","100%","100%","100%","100%","100%","100%","100%","100%","531","531","531","531","531","531","522","522","522","520"
250,"26.5%","26.4%","26.4%","26.4%","0%","3.9%","4%","4%","0%","10%","178","178","178","178","0","26","27","27","0","33"
251,"12.2%","11.7%","11.3%","11.2%","0%","0%","0%","0%","0%","0%","74","75","75","75","0","0","0","0","0","0"
252,"14.6%","14.3%","9%","14%","0%","9%","3.4%","3.3%","18.5%","9%","50","49","31","48","0","31","12","12","67","31"
253,"32.9%","32.9%","32.9%","32.9%","32.9%","18.7%","32.7%","32.7%","40.9%","18.9%","284","285","285","285","285","162","320","320","400","163"
254,"90%","90%","89.7%","51.8%","47.3%","45.7%","63.1%","91.3%","92.4%","85.8%","297","296","295","295","295","298","471","975","1,031","628"
255,"67.9%","68.1%","68.1%","68.1%","45.2%","10.3%","8.1%","44.3%","46.1%","10.4%","837","839","839","839","557","147","116","638","673","148"
256,"0%","0%","0%","0%","0%","0%","0%","0%","0%","0%","0","0","0","0","0","0","0","0","0","0"
257,"67.6%","71.5%","72.5%","72.5%","75.5%","68.2%","65.2%","65.1%","77.2%","69.1%","849","1,021","1,058","1,055","1,235","1,162","1,340","1,340","1,589","1,207"
258,"7.3%","7.2%","7.2%","7.1%","6%","5%","0%","0%","4.8%","5%","74","73","73","73","64","56","0","0","65","53"
259,"57%","56.9%","56.8%","56.8%","56.8%","3.7%","56%","42.1%","9.5%","45%","559","559","557","557","557","36","607","457","103","444"
260,"8.3%","8.3%","8.2%","8.1%","8.1%","8.1%","7.8%","7.8%","7.1%","7.6%","104","104","103","102","102","101","109","109","100","95"
261,"1%","1%","1%","1%","0%","0%","0%","0%","0%","0%","9","9","9","9","0","0","0","0","0","0"
262,"16.9%","16.9%","16.9%","16.9%","16.9%","18.9%","21.1%","20.9%","16.8%","18.8%","208","208","208","208","208","233","261","261","210","232"
263,"23.3%","22.1%","21.7%","21.7%","21.5%","20.5%","25.1%","25.1%","21.9%","20%","222","229","228","230","229","220","275","275","240","213"
264,"90.1%","88.1%","86.8%","50.2%","0.1%","84.4%","61%","61%","52.1%","84.6%","825","833","838","489","1","840","607","607","518","838"
265,"23.8%","23.8%","23.8%","23.6%","0%","0%","0%","0%","0%","0%","130","130","130","129","0","0","0","0","0","0"
266,"25.4%","25.5%","25.2%","25.2%","23.9%","22.9%","23.3%","23.3%","22.7%","23.8%","269","268","266","266","266","262","271","271","263","262"
267,"0%","0%","0%","0%","0%","0%","0%","0%","0%","0%","0","0","0","0","0","0","0","0","0","0"
268,"35%","34.9%","40.4%","40.4%","29.2%","40.1%","28.2%","28.1%","28.9%","40.1%","243","243","281","281","203","279","197","197","203","280"
269,"51.9%","52%","45.4%","45.4%","45.1%","52.5%","53.2%","53.3%","44.1%","53%","623","624","547","547","546","642","660","660","547","644"
270,"100%","100%","100%","100%","100%","100%","100%","100%","100%","100%","598","598","598","598","598","598","598","598","598","598"
271,"4.2%","20.1%","20.1%","20.1%","20%","24.9%","12.1%","12.1%","20.9%","25.3%","19","90","90","90","89","111","54","54","93","112"
272,"41%","41%","41%","41%","41%","41%","100%","41%","41%","45%","320","320","320","320","320","320","780","320","320","377"
273,"0%","0%","0%","0%","0%","0%","0%","0%","0%","0%","0","0","0","0","0","0","0","0","0","0"
274,"100%","48%","48%","48%","48%","100%","100%","52%","100%","100%","554","266","266","266","266","554","554","288","554","555"
275,"44.7%","44.7%","44.7%","43.5%","0.6%","45%","13.1%","13%","49.6%","45.6%","400","400","400","389","5","403","117","116","444","403"
276,"0%","0%","0%","0%","0%","0%","0%","0%","0%","0%","0","0","0","0","0","0","0","0","0","0"
277,"0%","0%","0%","0%","0%","0%","0%","0%","0%","0%","0","0","0","0","0","0","0","0","0","0"
278,"42.1%","44%","35.2%","39%","2.6%","95.8%","99.2%","99.3%","47.6%","96.1%","354","375","300","332","22","816","862","954","482","901"
279,"56.9%","67.5%","67.4%","10.6%","10.6%","85.5%","90%","90%","10.6%","85.5%","495","587","586","92","92","744","783","783","92","744"
280,"0%","0%","0%","0%","0%","0%","0%","0%","0%","0%","0","0","0","0","0","0","0","0","0","0"
281,"0%","99.8%","99.8%","99.8%","99.8%","99.8%","100%","100%","100%","100%","0","481","481","481","481","481","586","654","654","481"
282,"0%","0%","0%","0%","0%","0%","0%","0%","0%","0%","0","0","0","0","0","0","0","0","0","0"
283,"30.5%","30.5%","30.4%","30.4%","30.3%","0%","29.2%","0%","0%","23.1%","322","321","319","319","319","0","308","0","0","241"
284,"0.7%","0.7%","0%","0%","0%","58.2%","67.9%","67%","66.1%","59.9%","2","2","0","0","0","409","892","925","982","444"
285,"--","--","--","--","--","--","--","--","0%","0%","0","0","0","0","0","0","0","0","0","0"
286,"0%","0%","0%","0%","0%","0%","0%","0%","0%","0%","0","0","0","0","0","0","0","0","0","0"
287,"100%","100%","100%","99.9%","99.9%","99.9%","99.9%","85.1%","99.9%","99.9%","1,177","1,232","1,232","1,214","1,213","1,234","1,424","1,215","1,426","1,462"
288,"23.1%","23.1%","24.2%","14.1%","14%","13%","12.3%","61.1%","31.2%","14.5%","225","225","240","140","139","130","123","762","389","128"
289,"8.4%","8.4%","8.4%","8.3%","8.2%","24.3%","20.7%","21.2%","25.6%","18.5%","108","108","108","108","108","331","368","394","638","256"
290,"6.9%","4.1%","4.1%","3.9%","4.1%","7.5%","38.4%","0.8%","22.7%","3.4%","16","17","17","16","17","19","124","8","340","5"
291,"0%","0%","0%","0%","0%","0%","0%","0%","0%","0%","0","0","0","0","0","0","0","0","0","0"
292,"0%","0%","20.9%","21.3%","22.2%","0%","0%","0%","0%","34%","0","0","87","87","90","0","0","0","0","146"
293,"0%","0%","0%","0%","0%","0%","1.1%","1.1%","0%","1.3%","0","0","0","0","0","0","4","4","0","4"
294,"0%","0%","0%","0%","0%","25.1%","24.4%","24.2%","0%","25.2%","0","0","0","0","0","119","117","117","0","118"
295,"0%","0%","0%","0%","0%","0%","0%","0%","0%","0%","0","0","0","0","0","0","0","0","0","0"
296,"2.1%","2%","1.3%","1.2%","1%","0%","1%","1%","0.7%","17.3%","10","10","7","7","7","0","9","9","6","111"
297,"84.8%","85.3%","85.3%","85.3%","85.3%","86.7%","74%","74%","86%","86.7%","128","128","128","128","128","130","111","111","129","130"
298,"100%","100%","100%","100%","100%","100%","100%","100%","100%","100%","799","798","798","798","798","798","798","798","798","827"
299,"33.7%","33.3%","32.8%","32.3%","30.9%","0%","0%","0%","0%","0%","383","383","382","382","387","0","0","0","0","0"
300,"100%","100%","100%","100%","98.8%","100%","100%","100%","99.8%","100%","573","576","576","576","569","576","570","570","569","568"
301,"0%","0%","0%","0%","0%","0%","0%","0%","0%","0%","0","0","0","0","0","0","0","0","0","0"
302,"2.2%","24.4%","24.4%","47.1%","47.1%","23.2%","22.9%","22.9%","47.1%","23.4%","27","294","294","567","567","280","276","276","567","282"
303,"84.3%","85.7%","85.7%","86.3%","86.1%","86.6%","85.8%","85.8%","86.9%","85.9%","757","770","770","775","773","831","822","822","832","788"
304,"0%","0%","0%","0%","0%","0%","0%","0%","0%","0%","0","0","0","0","0","0","0","0","0","0"
305,"40.4%","40%","40%","40.2%","40.1%","0%","34.4%","0%","0%","40.3%","164","164","164","164","164","0","172","0","0","164"
306,"0%","0%","0%","0%","0%","0%","0%","0%","0%","0%","0","0","0","0","0","0","0","0","0","0"
307,"52%","51.9%","51.7%","39.5%","29.7%","40.6%","41.2%","39%","36.9%","40.9%","574","573","569","569","428","586","586","586","570","586"
308,"81.6%","70.3%","68.3%","68.3%","68.3%","68.3%","68.4%","68.4%","68.4%","68.2%","338","338","338","338","338","338","338","338","337","337"
309,"0%","0%","0%","0%","0%","0%","0%","0%","0%","0%","0","0","0","0","0","0","0","0","0","0"
310,"67.7%","67.4%","67.2%","67%","55.1%","67.1%","46%","41%","55.2%","58.4%","552","551","551","551","453","552","379","338","455","492"
311,"1%","1%","1%","0.7%","0.7%","7.2%","0%","0%","0.7%","8.3%","6","6","6","4","4","41","0","0","4","47"
312,"84.8%","84.9%","84.9%","84.9%","84.9%","81.2%","85.8%","85.4%","84.2%","81%","529","530","529","528","528","506","533","533","524","504"
313,"0%","0%","0%","0%","0%","0%","0%","0%","0%","0%","0","0","0","0","0","0","0","0","0","0"
314,"11.6%","11.6%","11.6%","11.7%","11.7%","20.1%","11.9%","11.9%","13.6%","13.4%","110","110","110","109","109","188","112","112","129","124"
315,"100%","100%","100%","100%","100%","100%","100%","90.7%","90.4%","100%","320","395","396","397","402","994","1,345","1,237","1,244","387"
316,"81.4%","81.4%","82%","85.9%","80.7%","78.6%","72.9%","69.4%","43.1%","78.4%","1,180","1,180","1,188","1,245","1,169","1,139","1,045","995","617","1,124"
317,"0%","0%","0%","0%","0%","0%","0%","0%","0%","0%","0","0","0","0","0","0","0","0","0","0"
318,"27.4%","27.3%","27.3%","27.3%","34.6%","35.2%","31.5%","32.2%","34.5%","35.4%","190","189","189","189","267","272","243","248","266","273"
319,"7%","13.2%","13.2%","13.2%","14.2%","13.3%","8.5%","8.5%","15.6%","13.2%","71","143","143","143","153","143","137","137","259","143"
320,"59.4%","59%","67.7%","57.2%","57.1%","60%","59.8%","59.8%","57.4%","60.3%","282","281","316","255","254","271","269","268","259","248"
321,"0%","0%","0%","0%","0%","0%","0%","0%","0%","0%","0","0","0","0","0","0","0","0","0","0"
322,"0%","0%","0%","0%","0%","0%","8%","8%","0%","0%","0","0","0","0","0","0","34","34","0","0"
323,"42.6%","28.8%","28.8%","28.9%","28.9%","21.5%","29.9%","29.9%","28.8%","42.4%","380","257","257","257","257","192","267","267","257","377"
324,"2.9%","2.7%","1.5%","1.5%","1.5%","0%","1.8%","1.7%","0.7%","18.6%","17","16","9","9","9","0","11","11","5","110"
325,"41.9%","29.8%","49.2%","63.3%","66.8%","66.1%","45.5%","66.6%","65.6%","70.5%","469","333","555","714","753","747","520","761","753","795"
326,"0%","0%","0%","0%","0%","0%","0%","0%","0%","0%","0","0","0","0","0","0","0","0","0","0"
327,"47.2%","47.3%","47.3%","47.3%","47.3%","44.4%","57%","57%","64.3%","56.1%","296","296","296","296","296","278","433","433","597","446"
328,"49%","49%","49%","49.1%","49.2%","56.9%","8.3%","8.3%","50.3%","57.8%","187","187","187","187","187","215","31","31","188","215"
329,"29.6%","29.6%","29.4%","29.3%","29.2%","27.1%","20.8%","20.8%","29.1%","27.5%","225","225","223","222","223","208","159","159","222","209"
330,"0%","0%","0%","0%","0%","0%","0%","0%","0%","0%","0","0","0","0","0","0","0","0","0","0"
331,"34.9%","34.9%","34.9%","34.9%","34.2%","26.6%","87.9%","73.1%","63.9%","33%","243","243","243","243","243","243","1,367","1,367","1,067","244"
332,"0%","0%","0%","0%","0%","0%","0%","0%","0%","0%","0","0","0","0","0","0","0","0","0","0"
333,"0.5%","0.5%","16%","15.7%","0.5%","0.9%","1.2%","1.2%","0.4%","0.9%","5","5","166","166","5","10","13","13","5","9"
334,"0%","0%","0%","0%","0%","0%","0%","0%","0%","0%","0","0","0","0","0","0","0","0","0","0"
335,"41%","40.9%","39.4%","39.4%","39.1%","32.7%","76.2%","35.2%","47.4%","51.3%","424","434","434","441","440","367","906","436","599","590"
336,"43.5%","43.8%","42.2%","41.6%","41.5%","44.3%","40.6%","40%","34.2%","44.5%","710","789","789","794","794","846","1,115","1,115","1,048","859"
337,"0%","0%","0%","0%","0%","0%","0%","0%","0%","0%","0","0","0","0","0","0","0","0","0","0"
338,"82.6%","82.6%","86.3%","86.3%","95.3%","85.8%","90.7%","90.7%","96.8%","96.7%","870","870","1,151","1,151","1,234","1,107","1,739","1,739","1,857","1,200"
339,"100%","100%","100%","100%","100%","100%","100%","99.1%","71.8%","99.4%","889","954","1,099","1,186","1,341","1,341","1,418","1,513","1,513","1,251"
343,"47.8%","54%","52.9%","52.7%","52.8%","35.4%","34.9%","38.6%","46.1%","44.1%","449","456","454","454","454","381","369","442","539","335"
344,"27%","25.5%","23.6%","23.3%","0.4%","1.5%","24.7%","0%","0.4%","19.4%","196","192","186","185","3","13","209","0","3","172"
345,"50%","50%","50%","50.1%","0%","45%","43.8%","35.2%","0%","30.9%","189","189","189","190","0","171","166","169","0","165"
346,"0%","0%","0%","0%","0%","0%","0%","0%","0%","0%","0","0","0","0","0","0","0","0","0","0"
347,"0%","0%","0%","0%","0%","0%","0%","0%","100%","0%","0","0","0","0","0","0","0","0","475","0"
348,"22.4%","22.4%","22.4%","22.4%","0%","27%","27.3%","26.4%","0%","26.9%","288","288","288","288","0","350","355","356","0","346"
349,"75.5%","75.4%","75.4%","75.2%","0%","72.4%","67.8%","0%","0%","0%","596","595","595","594","0","464","353","0","0","0"
350,"4.8%","4.9%","4.9%","4.9%","4.9%","0%","4.8%","4.8%","4.9%","4.9%","36","37","37","37","37","0","36","36","37","36"
351,"50.9%","48.8%","46.3%","46%","45.6%","37.8%","38.4%","38.3%","45.6%","38.2%","201","202","203","203","204","171","179","179","213","171"
352,"0%","0%","0%","0%","0%","0%","0%","0%","0%","0%","0","0","0","0","0","0","0","0","0","0"
353,"12.9%","12.6%","12.7%","12.7%","12.7%","13%","9.6%","10.3%","13.4%","13.2%","125","125","127","127","127","130","103","113","149","130"
354,"50.2%","50.3%","50.3%","50.3%","0%","3.3%","2.2%","2.2%","0%","3.4%","508","509","509","509","0","33","22","22","0","34"
355,"0%","0%","0%","0%","0%","0%","0%","0%","0%","0%","0","0","0","0","0","0","0","0","0","0"
356,"63.2%","63%","63.4%","63.2%","63.1%","75.7%","50.9%","50.1%","58.3%","60.9%","1,185","1,186","1,196","1,196","1,195","1,458","1,038","1,038","1,206","1,174"
357,"34%","34%","36%","36%","0%","37.6%","42.4%","40.4%","38.6%","39.9%","476","477","519","518","0","546","541","498","478","470"
358,"56.1%","56%","56%","60.7%","19.9%","61.6%","49.7%","49.6%","72.9%","54.7%","840","839","839","1,010","279","1,201","1,361","1,349","1,978","751"
359,"0%","0%","0%","0%","0%","0%","4.3%","4.3%","0%","0%","0","0","0","0","0","0","48","48","0","0"
360,"0%","0%","0%","0%","0%","0%","0%","0%","0%","0%","0","0","0","0","0","0","0","0","0","0"
361,"29.2%","29.5%","0%","0%","0%","0%","0.6%","0.5%","0%","1.6%","133","133","0","0","0","0","10","10","0","10"
362,"0%","0%","0%","0%","0%","0%","0%","0%","0%","0%","0","0","0","0","0","0","0","0","0","0"
363,"0%","0%","0%","0%","0%","0%","0%","0%","0%","0%","0","0","0","0","0","0","0","0","0","0"
364,"55%","54.9%","54.8%","54.7%","10.2%","64.9%","61.7%","77.7%","75.7%","81.1%","615","616","626","628","118","765","651","820","799","898"
365,"87.8%","90.3%","90.3%","90.4%","69.1%","94.9%","66.3%","66.3%","90.2%","94.7%","570","745","746","747","569","777","540","541","737","771"
366,"100%","100%","100%","100%","66.4%","100%","42.3%","81.4%","73%","74.1%","583","442","459","441","292","440","172","332","297","304"
367,"59.5%","61%","87.4%","89.4%","88.8%","89.5%","66.9%","87.8%","87.8%","90.1%","1,515","1,669","2,380","2,766","2,750","2,799","2,323","3,042","3,046","2,978"
368,"77.4%","81.8%","77.3%","85.1%","61.8%","79.6%","51%","60.5%","29.3%","54.6%","916","969","915","1,007","732","942","603","715","346","646"
369,"0%","0%","0%","0%","0%","0%","0%","0%","0%","0%","0","0","0","0","0","0","0","0","0","0"
370,"88.4%","87.1%","100%","86.9%","66.9%","59.9%","69.6%","81.1%","82.3%","80.6%","1,085","1,076","1,217","1,059","816","741","844","989","1,006","1,033"
371,"11.6%","11.6%","11.6%","11.6%","0%","0%","5.3%","0%","0%","5.4%","261","261","261","261","0","0","118","0","0","120"
372,"9.9%","9.7%","19.7%","20%","20%","18.9%","18.1%","17.4%","31.3%","18.1%","418","425","867","883","887","842","811","811","1,363","834"
373,"27.4%","27.6%","27.6%","27.5%","0%","22.7%","16.2%","0%","0%","0%","304","306","306","306","0","255","182","0","0","0"
374,"50.6%","50.3%","50.5%","50.7%","50.7%","65.7%","67.3%","67.5%","57.3%","69.3%","581","572","575","576","577","749","707","711","604","772"
375,"37.6%","37.2%","37.2%","37.4%","37.5%","43.3%","41.7%","42%","36.2%","45.2%","323","321","322","324","325","405","374","374","319","390"
376,"11.9%","12.3%","20.5%","23.6%","23.5%","24.5%","28%","15%","11.6%","24.4%","171","178","299","358","356","372","421","227","176","368"
377,"3.2%","3.1%","3.1%","3%","3%","0%","0%","0%","0%","0%","63","62","62","62","62","0","0","0","0","0"
378,"64.8%","72.3%","72.7%","73%","69.6%","75.2%","80.4%","75.8%","73.1%","73.8%","1,364","1,529","1,560","1,582","1,508","1,798","2,363","2,258","2,208","1,597"
379,"35.7%","36.5%","36.9%","39.3%","42.6%","40.9%","41.7%","41.7%","54.9%","41.9%","466","478","487","520","574","557","569","569","750","561"
380,"6.4%","6.4%","6.4%","6.4%","2.1%","6.4%","5.8%","1.7%","2.1%","7.1%","117","117","117","117","39","118","107","31","39","131"
381,"47%","47.1%","15.4%","59.5%","63.3%","59%","70.3%","67.7%","68.5%","55.7%","823","823","269","1,233","1,278","1,167","2,104","2,027","2,053","950"
382,"0%","0%","0%","0%","0%","0%","0%","0%","72.3%","0%","0","0","0","0","0","0","0","0","656","0"
383,"48.2%","78.1%","78.1%","78.1%","78.1%","62.2%","40.7%","40%","60.5%","59.5%","770","1,242","1,242","1,242","1,242","989","656","656","992","948"
385,"0.3%","0.3%","26.1%","26.1%","25.5%","0%","0%","0%","0%","23.7%","6","6","519","518","505","0","0","0","0","462"
386,"31.1%","31.1%","31%","30.9%","30.8%","28.2%","24.1%","24.9%","27.1%","20.5%","263","263","262","260","255","245","276","296","338","205"
387,"56.4%","56.6%","45%","44.9%","45.2%","39.6%","38.2%","38.2%","34.9%","39.7%","536","536","425","423","425","370","335","336","375","362"
388,"38.7%","37.2%","47.4%","48%","58.9%","63.7%","67.5%","69%","67.9%","61.4%","324","308","462","473","853","938","1,050","1,061","1,146","725"
389,"18.9%","17.6%","17.6%","17.5%","17.6%","14.9%","12.9%","39.1%","37.9%","15.7%","627","627","627","627","626","548","424","1,284","1,250","553"
390,"93.4%","93.4%","93.3%","93.4%","76.3%","93.9%","100%","100%","100%","100%","739","737","729","731","600","751","878","888","892","798"
391,"0%","0%","0%","0%","0%","0%","0%","0%","0%","0%","0","0","0","0","0","0","0","0","0","0"
392,"26.9%","27.9%","28%","28%","8.7%","22.3%","26.1%","33.2%","38.9%","33.9%","1,085","1,125","1,146","1,145","358","927","1,008","1,276","1,494","1,345"
393,"32.9%","32.8%","34.2%","21.4%","17.9%","22%","26.5%","60.4%","56.9%","41.6%","961","960","960","574","475","584","1,025","2,339","2,351","1,221"
394,"9.4%","9.1%","12.4%","9.6%","0.1%","30.3%","22.5%","22.5%","6.7%","4.2%","134","130","179","139","1","437","320","322","97","57"
395,"28.7%","30.4%","89.3%","89.3%","89.3%","88.8%","88.5%","92.9%","94.2%","88.5%","187","202","593","591","594","830","815","1,182","1,199","812"
396,"0%","0%","0%","0%","0%","0%","0%","0%","0%","0%","0","0","0","0","0","0","0","0","0","0"
397,"99.5%","99.6%","90.1%","90.5%","90.6%","98.8%","99.8%","99.8%","90.1%","98.8%","917","917","979","1,021","1,021","1,114","1,107","1,107","999","1,116"
398,"0%","0%","0%","0%","0%","0%","0%","0%","0%","0%","0","0","0","0","0","0","0","0","0","0"
399,"82%","82%","51.4%","50.4%","49%","45.6%","41.3%","41.3%","32.1%","47.6%","845","845","533","533","532","499","342","342","266","521"
400,"0%","0%","0%","0%","0%","0%","0%","0%","0%","0%","0","0","0","0","0","0","0","0","0","0"
401,"8.8%","8.8%","28.3%","28.3%","28.2%","27.6%","27.3%","27.5%","22.5%","27.5%","72","72","233","233","232","227","224","226","231","225"
402,"1.9%","2.1%","2.1%","2.1%","2.1%","1.6%","1.3%","1.3%","2.6%","1.4%","11","12","12","12","12","9","8","8","18","8"
403,"1.7%","13.7%","14.6%","14.7%","14.7%","19.4%","31.5%","28.2%","32.7%","12.3%","10","89","99","101","103","144","275","260","302","88"
404,"64.5%","64.8%","64.8%","64.6%","47.3%","61.3%","58.9%","58.9%","63.4%","61.4%","548","551","550","551","403","522","490","494","531","508"
405,"0.5%","0.5%","0.5%","0.7%","0.7%","0.5%","0.5%","0.5%","0.8%","0.4%","7","7","7","10","10","7","7","7","11","6"
406,"14.9%","15.9%","15.1%","14.8%","13.9%","43.5%","40.6%","17.1%","44.1%","9%","117","130","128","128","128","464","408","172","444","83"
407,"15%","24%","23.7%","23.7%","24.2%","22.3%","35.2%","35.1%","27.4%","20.7%","105","168","168","170","176","165","259","258","215","143"
408,"0%","39.9%","40.2%","40.3%","40.4%","48.1%","52.4%","45.9%","52.6%","38.6%","0","425","431","431","435","520","594","524","603","425"
409,"29.3%","29.1%","29.5%","29.8%","29.8%","27.9%","33.4%","33.5%","31.2%","28.9%","297","301","308","311","314","298","361","364","337","297"
410,"0%","0%","0%","0%","0%","0.1%","0.1%","0.1%","0%","0%","0","0","0","0","0","1","1","1","0","0"
411,"0%","0%","0%","0%","0%","0%","0%","0%","0.2%","0%","0","0","0","0","0","0","0","0","1","0"
412,"1.3%","1.2%","1.6%","1.6%","1.6%","1.5%","0.7%","0.7%","7.8%","1.2%","3","3","4","4","4","4","2","2","23","3"
413,"0.3%","0.2%","0.2%","0.2%","0.2%","0.7%","4.6%","1.9%","0.2%","0.4%","3","3","3","3","3","8","56","23","3","5"
416,"100%","100%","100%","100%","100%","100%","99.9%","99.9%","100%","100%","893","893","893","893","893","893","721","721","722","899"
417,"49.9%","49.8%","49.9%","45.2%","41%","37.1%","29.8%","30%","35.3%","46.4%","325","325","325","325","325","305","273","277","339","311"
418,"44.6%","44.5%","29.8%","29.8%","29.8%","35.4%","32.6%","37.8%","61.9%","37.7%","522","521","349","349","349","415","382","443","726","452"
419,"0%","0%","0%","0%","0%","0%","0%","0%","0%","0%","0","0","0","0","0","0","0","0","0","0"
420,"54.5%","53.6%","52.6%","52.2%","52.2%","49.4%","53.7%","54.5%","51.8%","52.2%","581","582","582","582","583","552","617","628","598","587"
421,"0%","0%","0%","0%","0%","0%","0%","0%","0%","0%","0","0","0","0","0","0","0","0","0","0"
422,"1.7%","1.5%","1.1%","1.1%","8.5%","21.7%","25%","24.9%","24.3%","9.1%","10","9","9","9","75","226","341","341","332","89"
423,"2%","1.9%","1.9%","1.8%","1.7%","1.8%","0.2%","0.2%","1.1%","2%","14","14","14","14","14","16","2","2","14","16"
424,"46.1%","46.1%","45.8%","45.8%","45.6%","46%","45.3%","45.4%","45.7%","49.2%","357","356","355","356","355","362","352","351","353","374"
425,"0%","0%","0%","0%","0%","0%","0%","0%","0%","0%","0","0","0","0","0","0","0","0","0","0"
426,"69%","69%","69.1%","69.1%","69.1%","62.2%","70.1%","70.1%","68.9%","62.5%","559","558","559","559","558","504","567","568","558","513"
428,"0%","0%","0%","0%","0%","0%","0%","0%","0%","0%","0","0","0","0","0","0","0","0","0","0"
430,"0%","0%","0%","0%","0%","0%","10.1%","10.1%","0%","17.8%","0","0","0","0","0","0","207","207","0","283"
431,"0%","0.1%","0.1%","0.1%","0.1%","0%","0.1%","0.1%","0.1%","0%","0","1","1","1","1","0","1","1","1","0"
432,"0%","0%","0%","0%","0%","0%","0%","0%","0%","0%","0","0","0","0","0","0","0","0","0","0"
433,"0%","0%","0%","0%","0%","0.3%","7.1%","0.3%","0%","0%","0","0","0","0","0","1","23","1","0","0"
434,"0%","0%","13.2%","13.4%","13.3%","12.8%","12.7%","11.9%","10%","12.6%","0","0","142","149","154","156","176","178","162","148"
435,"6.3%","5.7%","5.1%","4.9%","5.3%","2.8%","13.9%","13.9%","5.3%","2.8%","14","13","12","12","13","7","34","34","13","7"
436,"44%","44.4%","44.4%","44.5%","39.2%","41.8%","64.2%","64.2%","38.8%","41.4%","266","268","268","269","237","253","387","387","234","249"
437,"0%","1.2%","1.1%","1%","1%","0.9%","26.5%","1.1%","0%","0.7%","0","14","14","14","14","15","724","31","0","10"
438,"33.2%","45.6%","46.2%","58.1%","60.1%","50%","54.1%","50.4%","46.5%","58.5%","136","308","372","534","665","687","1,066","1,085","1,023","669"
442,"50.8%","50.7%","45.2%","44.8%","42.7%","39.6%","77.9%","28.2%","45.1%","40.6%","364","364","328","328","321","305","639","231","370","308"
443,"0%","0%","0%","0%","0%","0%","0%","0%","0%","0%","0","0","0","0","0","0","0","0","0","0"
444,"0%","0%","0%","0%","0%","0%","0%","0%","0%","0%","0","0","0","0","0","0","0","0","0","0"
445,"2.5%","2.5%","2.5%","2.5%","2.5%","7.1%","6.1%","6.1%","2.5%","7%","25","25","25","25","25","72","62","62","25","71"
446,"0%","0%","0%","0%","0%","0%","0%","0%","0%","0%","0","0","0","0","0","0","0","0","0","0"
447,"0%","0%","0%","0%","0%","0%","0%","0%","0%","0%","0","0","0","0","0","0","0","0","0","0"
448,"45.2%","39.2%","47.4%","45.5%","45.6%","40.5%","42.1%","42.1%","44.8%","42.2%","587","586","728","728","744","684","709","709","755","727"
449,"19%","19.3%","19.2%","18.8%","18.8%","19.7%","26.3%","26.3%","26.6%","21%","176","180","180","175","177","190","274","274","278","194"
450,"0%","0%","0%","0%","0%","0%","0%","0%","0%","0%","0","0","0","0","0","0","0","0","0","0"
451,"0.3%","0.2%","0.2%","0.1%","0.1%","0.1%","0%","0%","1.8%","0%","3","3","2","2","2","2","0","0","40","0"
452,"25.2%","22.4%","22.4%","23%","19.2%","24.4%","12.8%","10.9%","10.7%","22.9%","131","136","135","139","116","148","93","98","113","142"
453,"12.1%","10.8%","10.8%","10.7%","0%","10.7%","59.3%","60.4%","0%","54.6%","111","99","99","98","0","98","556","580","0","493"
454,"6.6%","9.4%","10.4%","10.4%","10.5%","10.6%","5.7%","5.7%","12.5%","10%","36","51","56","56","57","57","31","31","68","53"
455,"19.3%","19.3%","19.3%","19.3%","17.1%","17.8%","16.2%","15.6%","28.5%","12.2%","145","145","145","146","146","135","123","119","221","92"
456,"82%","29.5%","28.9%","28.5%","38.8%","45.5%","8.5%","51.6%","37%","33.2%","164","163","158","156","155","186","22","163","120","189"
457,"0%","0%","0%","0%","0%","0%","0%","0%","0%","0%","0","0","0","0","0","0","0","0","0","0"
458,"16.1%","15.7%","15.7%","15.7%","9.1%","9.1%","10.2%","10.2%","16.1%","9.6%","63","62","62","62","36","36","40","40","62","37"
459,"12.7%","12.7%","12.7%","12.7%","12.7%","9.2%","9%","8.9%","12.3%","9.3%","124","124","124","124","124","90","87","87","125","90"
460,"25.5%","25.2%","6%","33.1%","33%","32.1%","5.9%","23.6%","59.1%","34%","270","270","65","358","357","348","68","355","663","374"
462,"0.7%","0.7%","0.5%","0.5%","0.5%","0.4%","33.7%","0%","2.2%","0%","5","5","4","4","4","4","370","0","30","0"
463,"32.7%","32.4%","12.7%","57.3%","43.8%","41.4%","91.4%","81.9%","73.4%","72.8%","328","328","128","578","472","446","2,178","1,952","1,748","1,664"
464,"16.4%","15.7%","15.7%","15.6%","25%","42.7%","67.7%","67.4%","61.3%","44.6%","201","200","200","199","358","696","1,687","1,685","1,533","748"
465,"0%","0%","0%","0%","0%","0%","0%","0%","0%","0%","0","0","0","0","0","0","0","0","0","0"
466,"7.5%","7.4%","7.4%","7.2%","7.1%","7.9%","8.3%","8.1%","0.9%","7.6%","70","70","70","69","69","77","83","83","10","73"
467,"61.4%","60.1%","60.1%","60.2%","60.2%","37.7%","30.1%","21.2%","42.4%","26.4%","417","427","427","429","429","269","214","214","427","265"
468,"33.3%","33.3%","35.2%","31.4%","31.4%","28.4%","31.3%","31.7%","31%","25.3%","29","29","31","27","27","25","26","26","26","23"
469,"0%","0%","0%","0%","0%","0%","0%","0%","0%","0%","0","0","0","0","0","0","0","0","0","0"
470,"6.4%","6.7%","6.7%","6.7%","6.7%","3.1%","9.7%","9.7%","6.5%","3.2%","66","69","69","69","69","33","102","102","69","33"
471,"47.1%","47.4%","47.3%","47.5%","43.7%","58.3%","80.4%","80.4%","57.6%","54.4%","598","604","601","603","556","913","1,257","1,258","906","773"
472,"10.4%","10.4%","10.4%","10.3%","10%","8%","15.1%","15.1%","10.2%","8.6%","55","56","56","56","55","45","86","87","59","46"
473,"55.7%","55.5%","65.9%","54.3%","54.5%","65.1%","64.4%","64.4%","63.7%","64.6%","566","571","687","564","572","708","706","706","711","683"
474,"48.3%","48.1%","48%","48%","47.8%","46.1%","44.2%","44.2%","56.8%","57.7%","552","552","552","552","552","533","515","515","663","662"
475,"43.5%","33.1%","26.7%","33%","32.2%","31.8%","38.4%","35.9%","28.3%","28.5%","260","272","225","280","283","281","291","300","248","272"
476,"79.6%","82.2%","81%","80.3%","77.3%","79.5%","83.4%","90.5%","89.3%","79.6%","6,006","6,228","6,507","6,687","6,897","7,711","9,703","11,371","12,327","6,841"
