NPA,2011,2014,2015,2016,2017,2018,2019,2021,2022,2023,2011 Raw,2014 Raw,2015 Raw,2016 Raw,2017 Raw,2018 Raw,2019 Raw,2021 Raw,2022 Raw,2023 Raw
2,"20.6%","18.9%","19%","19%","32.7%","32.2%","32.2%","30.6%","60.4%","60.7%","223","204","205","205","353","349","347","345","682","689"
3,"56.8%","54%","65.6%","65.8%","63.4%","77.7%","86.2%","86.3%","87.1%","60.4%","2,540","2,565","3,118","3,113","3,349","4,611","6,899","6,908","7,409","5,863"
4,"21.2%","12.9%","12.9%","12.8%","12.7%","16%","18.2%","12.6%","17.9%","17.8%","85","52","52","52","52","67","74","52","73","73"
5,"34.9%","13.7%","13.6%","13.2%","9.6%","7.5%","7.9%","8.4%","8%","8%","116","45","45","43","31","24","27","29","28","28"
6,"81.3%","67.1%","67%","67.2%","66.8%","50.9%","47.4%","65.7%","47.5%","46.7%","671","550","547","548","544","411","376","531","385","384"
7,"42.9%","46.8%","46.7%","46.8%","46.9%","42.4%","45.8%","62.4%","62.5%","66.4%","180","198","199","200","202","183","191","475","475","560"
8,"12%","12.4%","13.1%","13%","13.1%","14%","16.3%","16.2%","16.1%","16%","108","127","135","135","135","151","187","185","186","187"
9,"98%","80.7%","80.5%","80.7%","84.7%","92.8%","79.2%","79.1%","79.1%","80.8%","299","246","243","246","249","282","255","254","253","282"
10,"68.5%","78.1%","78.2%","78.3%","78.5%","64.9%","64.5%","72.5%","67.7%","63.1%","1,096","1,245","1,245","1,246","1,245","1,036","1,099","1,243","1,175","1,094"
11,"57%","55.7%","55.1%","62.6%","62.7%","59.5%","61.6%","61.8%","61.9%","62.2%","689","675","675","767","772","745","754","758","766","779"
12,"0%","0%","0%","0%","0%","0%","0%","0%","0%","0%","0","0","0","0","0","0","0","0","0","0"
13,"0%","0%","0%","0%","14%","14.1%","17.6%","17.6%","14%","17.6%","0","0","0","0","257","258","261","260","256","260"
14,"60.1%","62.7%","62.6%","62.6%","62.8%","59.6%","62.7%","0%","0%","62.8%","969","1,012","1,011","1,010","1,011","960","1,012","0","0","1,018"
15,"0%","0%","0%","0%","0%","0%","0%","0%","0%","0%","0","0","0","0","0","0","0","0","0","0"
16,"3.4%","19.4%","19.4%","16.3%","16.3%","15.8%","16.8%","15.9%","15.8%","31.5%","73","409","409","344","344","333","356","337","333","665"
17,"0%","37.6%","37.6%","37.5%","75.5%","73%","75.6%","75.6%","75.3%","75.3%","0","472","472","470","946","913","947","947","944","944"
18,"0.5%","29.4%","29.3%","29.4%","26.4%","24.9%","26.4%","26.9%","28.5%","31%","8","497","497","498","439","419","449","471","517","587"
19,"29.1%","34.5%","34.4%","34.4%","34.4%","28.8%","34%","33.9%","33.9%","33.8%","510","607","607","607","607","509","608","607","608","608"
20,"74.1%","69.5%","69.5%","69.5%","69.5%","74.4%","27.1%","27.1%","27%","47.3%","1,077","1,009","1,009","1,009","1,009","1,081","394","394","396","698"
21,"41.4%","0%","0%","0%","36.4%","44.1%","0.2%","31.7%","1.2%","1.7%","483","0","0","0","445","533","2","498","23","44"
22,"18.2%","0%","0%","0%","0%","0%","0%","0%","0%","0%","85","0","0","0","0","0","0","0","0","0"
23,"0%","0%","0%","0%","0%","0%","0%","0%","0%","0%","0","0","0","0","0","0","0","0","0","0"
24,"0%","0%","0%","0%","0%","0%","0%","0%","0%","0%","0","0","0","0","0","0","0","0","0","0"
25,"20.7%","26.6%","26.6%","26.5%","26.3%","0%","30.2%","30.2%","30.2%","30.2%","230","296","296","296","296","0","359","359","359","359"
26,"13.7%","12.8%","12.7%","12.7%","13.1%","13%","12.5%","12.8%","12.4%","12.8%","146","136","136","136","140","140","136","140","136","140"
27,"66.6%","68.2%","68.2%","68.2%","68.2%","68.2%","67.3%","66.8%","52.6%","66.6%","659","674","674","674","674","673","677","677","532","674"
28,"50.1%","62.6%","62.4%","62.2%","62.2%","57%","64.3%","64.6%","64.6%","65.3%","273","343","343","342","344","319","376","380","380","385"
29,"0%","0%","0%","0%","0%","0%","0%","0%","0%","0%","0","0","0","0","0","0","0","0","0","0"
30,"0%","0%","17.1%","27.9%","54.3%","55.8%","44.5%","44.8%","45.2%","51.7%","0","0","146","275","595","613","708","715","725","956"
31,"0%","23.9%","23.7%","23.8%","24.1%","19.7%","25%","25%","24.9%","25%","0","162","160","161","164","136","171","171","170","171"
32,"100%","100%","100%","100%","100%","100%","100%","100%","100%","100%","220","220","220","220","220","220","220","220","220","318"
33,"63.7%","94.2%","62.3%","62.3%","93.5%","62.1%","93.8%","0%","0%","93.9%","390","587","391","391","587","390","587","0","0","586"
34,"28.8%","31.3%","31.6%","31.7%","30.8%","26.8%","40.2%","39.9%","39.7%","37.6%","227","253","257","261","257","244","585","590","594","621"
35,"0%","0%","0%","0%","0%","0%","0%","0%","0%","0%","0","0","0","0","0","0","0","0","0","0"
36,"18.3%","21.2%","31.9%","31.9%","36.3%","33.3%","35.9%","58.4%","58.4%","58.5%","188","223","393","393","482","443","478","778","778","778"
37,"0%","12.8%","12.7%","12.8%","14.6%","0%","0%","0%","0%","0%","0","100","99","99","113","0","0","0","0","0"
38,"34.4%","32.2%","32.2%","32.2%","32.2%","39.5%","31.9%","34.9%","30.7%","30.5%","289","271","271","271","271","332","264","301","335","390"
39,"33.2%","11.8%","11.6%","11.6%","14.5%","10.9%","14.3%","14.3%","14.4%","14.3%","309","111","111","112","143","108","142","142","143","143"
40,"61.7%","64.4%","64.4%","64.4%","67.9%","65.8%","52.4%","68%","52.2%","3.6%","730","762","762","767","810","805","648","844","651","45"
41,"12.3%","49.4%","43.2%","43.7%","49.9%","25.6%","49.9%","49.9%","49.9%","50.6%","95","382","334","338","386","198","386","386","386","398"
42,"2%","3.5%","3.5%","3.5%","3.5%","2.1%","3.5%","3.5%","3.5%","0%","27","46","46","46","46","28","46","46","46","0"
43,"59.4%","61.9%","61.6%","61.5%","61.6%","59.6%","61.6%","61.3%","61.3%","0%","376","403","403","403","403","390","403","403","401","0"
44,"0%","0.4%","0.4%","0.4%","0.4%","0%","0.4%","0.4%","0.4%","0%","0","2","2","2","2","0","2","2","2","0"
45,"0%","0%","0%","0%","4.7%","2.7%","29.7%","29.8%","0%","29.7%","0","0","0","0","60","44","767","774","0","774"
46,"90.4%","96.8%","96.8%","96.8%","96.8%","90.3%","96.8%","96.8%","96.8%","0%","865","925","925","925","925","863","924","924","924","0"
47,"98.4%","100%","100%","100%","100%","98.2%","99%","99.8%","99.8%","99%","631","640","640","639","591","595","596","601","602","597"
48,"0%","18%","17.7%","17.9%","16.4%","17.3%","15.6%","15.6%","15.6%","15.7%","0","111","109","109","100","105","94","94","94","94"
49,"0%","0%","0%","0%","0%","0%","0%","0%","0%","0%","0","0","0","0","0","0","0","0","0","0"
50,"70.7%","74.4%","74.4%","74.4%","74.3%","69.8%","64%","63.9%","64.2%","64.2%","744","783","784","784","783","735","625","625","632","632"
51,"0%","0%","0%","0%","0%","0%","0%","0%","0%","0%","0","0","0","0","0","0","0","0","0","0"
52,"41.9%","77.2%","63.3%","0%","0%","0%","81.6%","0%","81.6%","81%","374","686","349","0","0","0","660","0","662","688"
53,"0%","27.8%","24.1%","24.2%","27.8%","36.6%","27.7%","27.7%","21.1%","21.1%","0","295","295","295","295","388","294","294","294","294"
54,"6.9%","0.9%","0.9%","0.9%","2.5%","7.2%","2.3%","2.3%","2.3%","2.3%","39","5","5","5","14","41","13","13","13","13"
55,"10.3%","3.7%","3.7%","3.7%","3.7%","10.5%","3.7%","3.7%","3.6%","6.1%","83","30","30","30","30","85","30","30","30","56"
56,"85%","92.5%","92.6%","92.6%","92.6%","82.7%","95.9%","95.9%","94.5%","95.9%","305","332","337","337","337","301","348","348","343","348"
57,"83.7%","94.8%","94.8%","0%","0%","0%","39%","0%","99%","99%","572","634","634","0","0","0","319","0","809","809"
58,"27.4%","82.1%","82.1%","82.2%","82.1%","53.5%","81.8%","81.8%","81.8%","81.8%","133","398","398","398","398","260","395","395","395","395"
59,"4%","21.4%","21.4%","21.4%","21.4%","25.2%","22.4%","22.4%","18.8%","18.7%","44","238","238","238","238","280","252","252","252","252"
60,"0%","0%","0%","0%","0%","0%","0%","0%","0%","0%","0","0","0","0","0","0","0","0","0","0"
61,"0%","0.7%","0.7%","0.7%","0.7%","0%","0.7%","0.9%","0.7%","0%","0","3","3","3","3","0","3","4","3","0"
62,"--","--","--","--","--","--","--","--","--","--","0","0","0","0","0","0","0","0","0","0"
64,"35.7%","36.6%","39.5%","38.8%","51.2%","51.3%","39.1%","39.1%","39.1%","39.1%","704","723","816","794","1,312","1,312","988","988","988","988"
65,"0%","0%","0%","0%","0%","0%","0%","83.2%","83.2%","85.6%","0","0","0","0","0","0","0","1,010","1,010","1,210"
66,"100%","100%","100%","100%","100%","100%","100%","100%","100%","100%","1,256","1,263","1,353","1,353","1,353","1,353","1,353","1,353","1,353","1,664"
67,"0%","0%","0%","0%","0%","0%","0%","100%","100%","100%","0","0","0","0","0","0","0","854","854","854"
68,"46.2%","48.3%","48.4%","48.4%","55.7%","48.7%","55.7%","55.7%","55.7%","55.7%","524","547","548","548","631","551","629","629","629","629"
69,"78.4%","79.5%","75.7%","78.4%","78.6%","77%","85.8%","78.2%","78.3%","78.3%","591","600","481","564","564","555","927","845","846","846"
70,"43.9%","68.3%","68.1%","68.1%","68.1%","40.7%","67.7%","67.8%","67.2%","67.4%","229","357","355","355","354","211","352","353","351","353"
71,"38.6%","37.8%","37.7%","37.7%","37.7%","61.7%","61.6%","37.4%","61.6%","62.8%","544","536","537","537","537","880","866","526","866","881"
72,"41.7%","46.7%","46.7%","48.7%","37.8%","37.2%","27.9%","27.9%","29%","10.2%","234","550","549","549","547","676","532","532","557","263"
73,"5.1%","6.4%","6.3%","6.1%","6.1%","4.5%","5.4%","4.9%","4.5%","4.6%","52","67","67","67","67","51","67","66","66","72"
74,"68.6%","69.2%","69.2%","69.2%","69.2%","68.6%","69.2%","69.2%","69.2%","69.2%","508","512","512","512","512","508","512","512","512","512"
75,"92.4%","88.2%","89.1%","89.1%","44.6%","93.1%","26.6%","26.6%","26.6%","26.5%","620","652","708","708","353","743","348","348","348","348"
76,"1.9%","0.4%","0.4%","0.3%","0.3%","1.4%","0.6%","0.2%","0.1%","0.5%","15","4","4","3","3","17","8","2","2","8"
77,"48.5%","53.9%","54.3%","54.3%","54.3%","54.1%","55.6%","56.1%","56.3%","55.2%","994","1,146","1,220","1,220","1,219","1,215","1,284","1,306","1,318","1,361"
78,"31.7%","29.6%","28.9%","28.7%","28.7%","28.7%","24.2%","74.4%","74.4%","24.1%","265","265","264","264","264","264","264","813","813","264"
79,"0%","76.3%","100%","100%","76.3%","100%","76.3%","76.3%","76.3%","76.3%","0","518","518","518","518","679","518","518","518","518"
80,"0%","0%","0%","0%","0%","0%","0%","83.6%","75.3%","80.2%","0","0","0","0","0","0","0","979","1,023","1,364"
81,"0%","2.4%","2.4%","2.4%","3.6%","3.4%","3.6%","69.3%","73.9%","3.1%","0","11","11","11","17","16","17","323","404","17"
82,"40.8%","35.7%","35.7%","46.2%","45.1%","49.7%","45.1%","45.1%","45.2%","36.5%","368","322","322","524","524","589","524","524","524","523"
83,"0%","0%","0%","0%","0%","0%","0%","0%","0%","0%","0","0","0","0","0","0","0","0","0","0"
84,"0%","0%","0%","0%","0%","0%","0%","0%","0%","0%","0","0","0","0","0","0","0","0","0","0"
85,"31.8%","35.8%","35.9%","35.9%","35.9%","31.3%","35.1%","34.9%","35.3%","35.2%","248","278","277","276","275","239","265","263","269","270"
86,"0%","0%","0%","0%","25.6%","1%","12.6%","12.6%","100%","100%","0","0","0","0","286","11","287","287","2,276","2,349"
87,"0%","5.3%","5.3%","5.3%","29.3%","25.3%","28.5%","28.5%","59.9%","59.8%","0","36","36","36","200","176","205","205","430","430"
88,"0%","0%","0%","0%","0%","0%","0%","0%","0%","0%","0","0","0","0","0","0","0","0","0","0"
89,"59.9%","55.2%","55.1%","55%","55.1%","0%","54.8%","55.1%","54.9%","54.9%","329","303","303","302","303","0","300","302","301","301"
90,"0%","6.2%","6.2%","6.2%","63.6%","64.4%","63.4%","63.5%","6.2%","6.3%","0","51","51","51","527","534","524","525","51","52"
91,"0%","0%","0%","0%","0%","0%","0%","0%","0%","0%","0","0","0","0","0","0","0","0","0","0"
92,"100%","97.5%","90.7%","90.8%","90.8%","100%","90.3%","90.5%","75%","75%","909","1,032","1,206","1,220","1,220","1,476","1,383","1,407","1,461","1,461"
93,"99.4%","99.4%","99.4%","99.4%","99.4%","99.4%","99.7%","99.7%","99.6%","92.9%","620","620","620","620","620","620","620","620","484","1,040"
94,"0%","32.7%","32.7%","32.8%","32.8%","22.8%","32.6%","32.6%","53.4%","52.9%","0","124","124","124","124","86","123","123","292","292"
95,"61.5%","62.5%","62.5%","62.5%","62.5%","60.4%","62.4%","62.4%","62.4%","62.4%","413","420","420","420","420","406","420","420","420","420"
96,"21.4%","33.1%","42.6%","43.5%","45.3%","14.6%","48.2%","48.2%","48.2%","54.7%","252","504","769","812","872","288","1,046","1,046","1,046","1,364"
97,"10.8%","4.3%","4.2%","4.2%","4.9%","13.6%","17.5%","23.5%","23.5%","14.3%","168","66","66","66","77","218","325","436","436","266"
98,"1%","1%","1%","0.9%","0.9%","0.8%","0.7%","0.7%","0.6%","0.6%","9","9","9","9","9","9","9","9","9","9"
99,"28.3%","31%","31%","0%","0%","0%","33.6%","0%","33.4%","32.9%","182","200","200","0","0","0","217","0","217","217"
100,"35.2%","40.7%","40.7%","40.5%","37.3%","35.3%","40.5%","37.3%","40.5%","0%","247","285","285","283","260","247","283","261","283","0"
101,"0%","0%","0%","0%","0%","0%","0%","59.4%","0%","0%","0","0","0","0","0","0","0","432","0","0"
102,"0%","51.2%","51.3%","51.2%","77.3%","66.1%","76.8%","76.5%","61.9%","61.5%","0","268","269","269","406","347","408","408","332","331"
103,"0%","0%","0%","0%","0%","0%","0%","98.2%","0%","0%","0","0","0","0","0","0","0","758","0","0"
105,"0%","0%","0%","0%","0%","11.6%","18.4%","0%","18.4%","18.4%","0","0","0","0","0","111","184","0","184","184"
106,"98.8%","99%","99%","99%","99%","99%","99%","99%","99%","99%","720","722","722","722","722","722","724","724","723","711"
107,"0%","38.8%","38.8%","61.6%","0%","0%","0%","2.3%","2.3%","0%","0","416","416","416","0","0","0","15","15","0"
108,"0%","0%","0%","0%","0%","0%","0%","0%","0%","0%","0","0","0","0","0","0","0","0","0","0"
109,"39.2%","44.2%","43%","44.5%","45.9%","39.8%","54.9%","55%","53.1%","53.6%","328","385","393","421","448","392","651","660","652","661"
110,"33.3%","33.1%","33%","33%","33%","32.5%","19.1%","54.6%","0.7%","56.1%","251","251","250","251","251","246","246","729","10","785"
111,"0%","0%","0%","0%","28.6%","18%","16.4%","16.4%","0%","15.3%","0","0","0","0","314","249","329","329","0","329"
112,"0%","0%","0%","0%","0%","0%","0%","0%","0%","0%","0","0","0","0","0","0","0","0","0","0"
113,"0%","0%","0%","0%","0%","0%","0%","0%","0%","0%","0","0","0","0","0","0","0","0","0","0"
114,"0%","0%","0%","0%","0%","0%","0%","0%","0%","0%","0","0","0","0","0","0","0","0","0","0"
115,"31.3%","12.3%","11.7%","11.5%","11.5%","20.6%","11.1%","11.1%","11.1%","26.5%","476","212","212","212","212","379","212","212","212","509"
116,"74.4%","66.8%","64.6%","63%","71.2%","73.9%","65.6%","63.9%","65.2%","64.2%","833","800","798","796","941","1,017","1,222","1,279","1,564","1,972"
117,"23.5%","22.6%","21.9%","21.5%","20.5%","20.3%","17.5%","16.8%","16.5%","16.5%","318","318","318","318","302","318","318","318","318","318"
118,"0%","0%","0%","0%","0%","0%","0%","0%","0%","0%","0","0","0","0","0","0","0","0","0","0"
119,"23.7%","27.1%","27.2%","27.2%","27.2%","27.3%","15.6%","14.6%","14.7%","14.9%","111","127","127","127","127","127","128","129","129","132"
120,"0%","0%","0%","0%","0%","0%","0%","0%","0%","0%","0","0","0","0","0","0","0","0","0","0"
121,"3.6%","0.1%","0.1%","0.1%","0.1%","4.6%","0.1%","0.1%","0.1%","0.1%","30","1","1","1","1","38","1","1","1","1"
122,"--","--","--","--","--","--","--","--","--","--","0","0","0","0","0","0","0","0","0","0"
123,"1.3%","1.3%","1.3%","1.3%","1.3%","1.3%","1.2%","1.2%","1.2%","1.1%","14","14","14","14","14","14","13","13","13","12"
124,"83.6%","93%","93%","93%","93%","82.9%","94.5%","91.6%","90.5%","95.2%","744","828","828","826","823","734","1,000","974","938","1,161"
125,"0%","0%","0%","19.7%","0%","0%","0%","27%","0%","23.3%","0","0","0","211","0","0","0","362","0","362"
126,"2.4%","0%","0%","0%","0%","0.2%","3.9%","10.4%","0%","0%","1","0","0","0","0","1","24","68","0","0"
127,"66.9%","65.7%","65.8%","65.7%","65.7%","14.4%","13.6%","13.6%","0%","13.6%","661","650","650","650","650","162","152","152","0","152"
128,"3.7%","7.7%","7.7%","7.7%","7.9%","2.7%","0%","7.9%","0%","0%","39","80","80","80","81","27","0","81","0","0"
129,"11.4%","23%","23%","23%","23%","12.7%","23%","23%","22.9%","17.3%","99","200","200","200","200","110","200","200","199","150"
130,"0%","0%","0%","0%","0%","0%","0%","0%","0%","0%","0","0","0","0","0","0","0","0","0","0"
131,"0%","16.3%","17.1%","17%","0%","0%","0%","8.6%","8.6%","0%","0","123","135","136","0","0","0","71","71","0"
132,"87.9%","88.5%","88.6%","88.6%","88.5%","87.6%","88.2%","88.5%","88.7%","88.5%","246","247","249","249","247","241","246","253","252","254"
133,"79.6%","79.4%","92.2%","92.2%","44.2%","50.1%","44.3%","44.4%","44.2%","39.6%","498","498","577","578","277","275","275","275","274","276"
134,"34.5%","37.4%","37.4%","37.4%","37.4%","0%","41.1%","41.2%","41.2%","41.5%","155","168","168","168","168","0","196","197","197","199"
135,"0%","0%","0%","0%","0%","0%","0%","0%","0%","0%","0","0","0","0","0","0","0","0","0","0"
136,"9.7%","3.2%","3.2%","3.2%","3.1%","9.5%","2.8%","0%","0%","0%","74","25","26","26","26","80","24","0","0","0"
137,"0%","0%","0%","0%","0%","0%","0%","0%","0%","0%","0","0","0","0","0","0","0","0","0","0"
138,"0%","0%","0%","0%","0%","0%","0%","0%","0%","0%","0","0","0","0","0","0","0","0","0","0"
139,"17%","13.6%","13.6%","13.6%","13.6%","14.1%","15.7%","15.7%","15.7%","15.7%","95","90","90","90","90","93","88","88","88","89"
140,"21.9%","13.3%","13.4%","13.3%","13.3%","13.3%","12.2%","11.5%","11.5%","11.3%","217","143","144","143","143","143","142","142","142","144"
141,"0%","0%","0%","0%","0%","0%","0%","0%","0%","0%","0","0","0","0","0","0","0","0","0","0"
142,"14.6%","41%","41%","41%","41%","14.3%","40.2%","39.9%","39.4%","0%","190","533","533","533","533","186","535","535","535","0"
143,"12.5%","9%","9%","9.1%","9%","12.7%","8.4%","8.4%","8.4%","8.4%","77","56","56","56","56","80","57","57","57","57"
144,"54.5%","51.4%","52.1%","52%","51.5%","51.5%","50.9%","51.1%","44%","50.4%","498","473","498","502","506","509","500","502","446","519"
145,"4.8%","7.9%","7.9%","7.9%","7.9%","2.8%","7.9%","7.9%","7.9%","7.9%","31","51","51","51","51","18","51","51","51","51"
146,"53.3%","61.6%","61.6%","61.6%","14.2%","52.5%","62.6%","14.5%","14.1%","13.6%","343","407","407","411","99","365","435","101","98","94"
147,"0.3%","18.1%","18.6%","19.2%","20.3%","26.4%","18.6%","18.6%","18.6%","18.6%","3","192","199","208","209","296","208","208","208","208"
148,"54.7%","49.4%","49.4%","49.5%","49.5%","0%","46.8%","47%","47.2%","47.6%","507","465","465","465","466","0","465","470","469","470"
149,"55.3%","17.1%","33.7%","33.7%","33.8%","0%","32.3%","32.2%","32%","31.8%","205","70","151","151","151","0","151","151","151","151"
150,"0%","0%","10.3%","10.3%","10.3%","14.7%","9.5%","9.5%","9.9%","0%","0","0","70","70","70","100","70","70","81","0"
151,"0%","0%","0%","0%","0%","11.4%","0%","0%","0%","0%","0","0","0","0","0","148","0","0","0","0"
152,"0%","0%","0%","0%","0%","0%","0%","0%","0%","0%","0","0","0","0","0","0","0","0","0","0"
153,"39.8%","45.1%","45.1%","45.1%","45.3%","43.8%","45.3%","54.2%","53.3%","29.4%","487","553","553","553","555","537","554","830","860","494"
154,"44.3%","46.8%","46.8%","46.8%","48%","42.5%","44.3%","42.5%","42.5%","42.5%","506","535","535","535","549","486","510","510","510","510"
155,"2.7%","5.4%","5.3%","5.1%","34.7%","27.5%","36.4%","36.2%","36.3%","42.7%","26","53","53","53","486","386","513","513","515","1,045"
156,"28.4%","38%","38.7%","39.3%","39.3%","29.9%","38.7%","36.9%","35.8%","36.7%","313","443","467","492","495","386","548","547","547","580"
157,"98%","81.1%","74.3%","74.3%","74.1%","70.6%","37.6%","37.7%","40.9%","0%","450","317","214","214","209","197","211","212","290","0"
158,"0%","0%","0%","0%","0%","0%","0%","0%","0%","0%","0","0","0","0","0","0","0","0","0","0"
159,"0%","0%","0%","0%","0%","0%","0%","0%","0%","0%","0","0","0","0","0","0","0","0","0","0"
160,"0%","0%","0%","0%","0%","0%","0%","0%","0%","0%","0","0","0","0","0","0","0","0","0","0"
161,"0%","0%","0%","0%","0%","0%","0%","0%","0%","0%","0","0","0","0","0","0","0","0","0","0"
162,"31.8%","20.6%","20.4%","20.4%","20.4%","32.1%","20.5%","20.5%","26.2%","26.3%","223","144","142","142","142","223","142","142","197","197"
163,"79%","93.1%","93.2%","93%","92.9%","85.9%","96.6%","96.7%","96.7%","96.4%","426","503","507","491","485","719","850","878","882","904"
164,"75.8%","89.4%","88.2%","88.8%","98.7%","98.8%","98.7%","98.7%","14.7%","86.9%","1,382","1,623","1,538","1,568","1,740","1,648","1,799","1,805","269","1,426"
165,"80.3%","83%","83%","83%","81%","81.5%","75.7%","75.7%","75.7%","79.4%","734","756","756","756","736","741","688","688","688","851"
166,"81.4%","99.6%","99.6%","99.6%","99.6%","79.6%","99.6%","99.7%","99.7%","99.7%","438","536","536","535","536","428","535","585","585","586"
167,"0%","72%","72%","72.4%","72.2%","0%","72.2%","72.2%","59.1%","57.9%","0","260","260","260","260","0","260","260","260","260"
168,"0%","14.4%","14.4%","14.4%","14.4%","0%","14.4%","14.4%","14.4%","14.3%","0","91","91","91","91","0","91","91","91","91"
169,"3.7%","0%","0%","0%","0%","0%","0%","0%","0%","0%","28","0","0","0","0","0","0","0","0","0"
170,"13%","34.1%","34%","34.1%","34.1%","12.9%","33.4%","33.4%","33.4%","22.6%","82","215","215","215","215","82","214","214","214","145"
171,"81.6%","68.2%","67.8%","71%","74.8%","86%","75%","75.1%","75%","74.4%","329","275","270","314","379","436","386","387","386","383"
172,"12.9%","8.5%","43.7%","43.9%","43.8%","6.3%","57.6%","36.4%","59.5%","65%","137","94","496","499","498","72","1,016","674","1,101","1,388"
173,"6.9%","0%","0%","0%","0%","0%","0%","0%","49.3%","0%","26","0","0","0","0","0","0","0","207","0"
174,"0%","0%","0%","0%","2.7%","2.7%","2%","1%","0%","16.6%","0","0","0","0","17","17","12","12","0","238"
175,"0%","0%","0%","0%","0%","0%","0%","0%","0%","0%","0","0","0","0","0","0","0","0","0","0"
176,"26.2%","15.1%","15.1%","15%","15.1%","26.3%","3.3%","3.3%","3.3%","27.2%","304","175","175","175","175","306","38","38","38","317"
177,"27.6%","23.4%","23.4%","23.2%","23.3%","20.5%","20.4%","20.4%","20.3%","0%","196","184","184","184","185","191","187","187","187","0"
178,"0%","0%","0%","0%","0%","0%","0%","41.6%","0%","0%","0","0","0","0","0","0","0","959","0","0"
179,"23.7%","13.8%","13.8%","13.8%","13.9%","20.8%","15%","15.2%","15.2%","14.8%","158","92","92","91","91","163","119","121","121","118"
180,"0%","0%","0%","0%","0%","0%","0%","6%","5.9%","0%","0","0","0","0","0","0","0","32","32","0"
181,"45.8%","45.8%","44.8%","44.8%","44.6%","44.1%","44.5%","44.5%","42.6%","44.5%","558","566","565","567","567","560","564","564","540","564"
182,"0%","0%","0%","0%","0%","0%","0%","0%","0%","0%","0","0","0","0","0","0","0","0","0","0"
183,"14.9%","14.8%","14.8%","14.6%","14.5%","14.5%","13.6%","14.1%","14.3%","14.3%","52","52","52","51","51","51","47","49","50","50"
184,"27.5%","39.6%","39.5%","39.8%","40.1%","33.6%","39.6%","38.9%","0%","37.8%","238","273","273","274","274","234","267","264","0","265"
185,"0%","0%","0%","0%","0%","0%","0%","0%","0%","0%","0","0","0","0","0","0","0","0","0","0"
186,"36.4%","39.4%","39.1%","39%","35.7%","0%","35.5%","39.9%","39.9%","35.6%","300","325","323","323","297","0","296","333","333","298"
187,"2.2%","77%","77%","77%","74.3%","73.1%","77.3%","77.3%","77.2%","77%","9","312","312","312","301","296","313","313","312","311"
188,"6.9%","65.7%","65.4%","65%","58.4%","85.2%","68.4%","66.6%","66.1%","74.6%","49","477","477","476","426","658","564","563","563","847"
189,"88.3%","88.3%","88.3%","88.3%","88.3%","88.3%","88.3%","88.3%","88.3%","88.3%","400","400","400","400","400","400","400","400","400","400"
190,"0%","0%","0%","0%","0%","0%","0%","0%","3.9%","0%","0","0","0","0","0","0","0","0","15","0"
191,"36.2%","46%","45.8%","45.8%","46%","35.8%","46.1%","46.7%","45.7%","19.7%","342","435","433","433","435","338","436","447","437","189"
192,"22.5%","24.6%","25.9%","29.3%","30.4%","32.4%","30.1%","30.9%","31.6%","34%","191","224","247","302","337","389","379","411","452","518"
193,"60.7%","51.5%","51.7%","51.9%","51.6%","58.5%","62.2%","62.2%","62.4%","64.8%","346","293","293","294","292","335","448","453","463","525"
194,"4.3%","4.1%","4.1%","4%","1.7%","3.8%","4.5%","4.3%","4.3%","4.4%","43","41","41","41","18","41","51","49","49","51"
195,"0%","0%","0%","0%","0%","0%","0%","0%","0%","0%","0","0","0","0","0","0","0","0","0","0"
196,"56.8%","57.4%","57%","56%","55.4%","54.3%","49.5%","53.8%","53.7%","49.4%","409","413","414","413","413","403","411","493","492","492"
197,"0.8%","1.4%","1.4%","1.4%","1.5%","0%","0%","0%","0%","0%","8","14","14","14","15","0","0","0","0","0"
198,"0%","0%","0%","0%","0%","0%","0%","0%","0%","0%","0","0","0","0","0","0","0","0","0","0"
199,"36.5%","39.9%","41.8%","41.8%","41.8%","38.7%","43.2%","43.2%","43.3%","43.6%","456","500","542","542","542","501","572","572","575","581"
200,"0%","0%","0%","0%","0%","0%","0%","0%","0%","0.9%","0","0","0","0","0","0","0","0","0","6"
201,"24.4%","24.2%","24.2%","24.2%","24.1%","23.8%","23.7%","23.7%","23.7%","23.6%","281","280","280","279","280","280","283","283","283","282"
202,"46.1%","40.2%","40.2%","2.8%","2.8%","0%","2.8%","2.8%","40.7%","40.6%","329","287","287","20","20","0","20","20","290","290"
203,"0%","0%","0%","0%","0%","0%","0%","0%","0%","0%","0","0","0","0","0","0","0","0","0","0"
204,"93.4%","99.4%","99.4%","99.4%","98.1%","85.8%","95%","95%","94.9%","87.4%","576","614","614","614","631","575","640","640","638","587"
205,"4.5%","10.4%","10.3%","10.2%","10.1%","4.6%","9.2%","8.8%","8.6%","7.9%","14","32","32","32","32","15","32","32","32","32"
206,"73.1%","73.1%","73.1%","73.1%","72.6%","73.1%","72.6%","72.6%","72.6%","72.6%","414","414","414","414","410","413","410","410","410","410"
207,"51.5%","0%","0%","0%","0%","40.7%","0%","0%","0%","0%","509","0","0","0","0","755","0","0","0","0"
208,"0.1%","0.6%","0.7%","0.7%","0.5%","0.4%","0.4%","0%","0%","0%","1","4","5","5","4","3","3","0","0","0"
209,"9.1%","9.4%","8.8%","7%","6.8%","6.1%","5.7%","5.7%","5.7%","1.3%","95","101","101","101","101","92","100","100","100","23"
210,"20.8%","71%","70.9%","75.5%","75.6%","67.2%","76.1%","76.1%","76.1%","76.6%","264","900","897","1,136","1,140","1,021","1,173","1,173","1,173","1,202"
211,"0%","0%","0%","0%","0%","0%","0%","0%","0%","0%","0","0","0","0","0","0","0","0","0","0"
212,"51.1%","52.3%","52.3%","52.3%","58.7%","47.3%","56.7%","56.7%","58.7%","67.7%","255","261","261","261","293","236","280","280","290","428"
213,"0%","41.5%","41.3%","38.9%","37.4%","37.6%","23.4%","40.1%","40.1%","50.2%","0","260","260","234","220","221","109","240","239","361"
215,"0%","0%","0%","0%","0%","0%","0%","0%","0%","0%","0","0","0","0","0","0","0","0","0","0"
216,"57.1%","58.3%","58.8%","58.3%","57.7%","62.3%","59.6%","58.1%","61.5%","61.8%","206","211","211","211","214","233","220","215","232","236"
217,"0%","0%","0%","0%","0%","0%","0%","0%","0%","0%","0","0","0","0","0","0","0","0","0","0"
218,"32.7%","22.3%","37%","42.3%","42.3%","22.6%","24.4%","24.3%","24.3%","21%","401","273","454","454","454","277","261","261","261","261"
219,"8.4%","11%","11.3%","28.8%","30.2%","29.8%","30.8%","30.8%","52.2%","50.4%","63","86","89","283","300","298","310","309","759","734"
220,"37.5%","37.2%","37.3%","37.3%","25.5%","38.5%","37.3%","23.6%","23.6%","23.6%","248","246","246","246","168","254","245","155","155","155"
221,"28.4%","64.3%","62.7%","54.6%","54.5%","52.9%","54.6%","54.6%","54.6%","51.5%","284","642","642","642","643","625","645","646","646","614"
222,"0%","0%","0%","0%","0%","0%","0%","0%","0%","0%","0","0","0","0","0","0","0","0","0","0"
223,"0%","0%","0%","0%","41.6%","44.5%","41.9%","41.9%","41.2%","41.5%","0","0","0","0","273","292","276","276","271","272"
224,"10%","18.3%","18.3%","18.3%","18.3%","9.2%","18.3%","18.3%","18.3%","18.3%","107","196","196","196","196","99","196","196","196","196"
225,"0%","0%","0%","0%","0%","0%","0%","0%","0%","0%","0","0","0","0","0","0","0","0","0","0"
226,"24.7%","16.2%","16.2%","16.2%","16.4%","29.8%","16.2%","16.4%","16.4%","16.4%","118","77","77","77","78","142","77","78","78","78"
227,"0%","0%","0%","0%","0%","0%","0%","0%","0%","0%","0","0","0","0","0","0","0","0","0","0"
228,"0%","0%","0%","0%","0%","0%","0%","0%","0%","0%","0","0","0","0","0","0","0","0","0","0"
229,"4.8%","7%","6.4%","5.7%","4.9%","2.4%","3.8%","2.8%","2.8%","2.7%","29","49","49","49","47","26","49","48","53","53"
230,"0%","0%","0%","0%","0%","0%","0%","0%","0%","0%","0","0","0","0","0","0","0","0","0","0"
231,"34.2%","37.5%","58.3%","58.9%","59.4%","59.1%","59.6%","63.9%","49.6%","45.2%","247","274","640","652","666","665","669","916","915","905"
232,"38%","49.6%","49.4%","48.7%","44.6%","81.4%","82.1%","59.8%","65.6%","65.6%","354","464","464","464","442","813","1,132","824","1,132","1,132"
233,"40%","59.7%","59.8%","59.6%","59.6%","40.3%","72.5%","72.5%","0%","0%","451","673","673","671","670","453","1,194","1,195","0","0"
234,"0%","0%","0%","0%","0%","0%","0%","9%","0%","0%","0","0","0","0","0","0","0","178","0","0"
235,"1.7%","0%","0%","0%","0%","1.7%","0.9%","0.9%","0.9%","0.9%","15","0","0","0","0","16","8","8","8","8"
236,"27.4%","22.6%","22.4%","22.4%","22.7%","24.9%","14.3%","14.3%","14.5%","4.9%","121","101","101","101","103","109","57","57","58","20"
237,"0%","0%","0%","18.7%","0%","0%","0%","14.9%","0%","14.6%","0","0","0","192","0","0","0","176","0","175"
238,"32.7%","30.5%","53.9%","53.9%","53.9%","62.2%","55.3%","52.1%","50.3%","29.3%","288","269","475","475","474","546","499","500","499","291"
240,"24.2%","80.9%","81.4%","81.4%","81.4%","65.5%","86%","85.7%","85.5%","85.3%","215","719","723","723","723","580","986","987","995","997"
241,"0%","0%","0%","0%","0%","0%","0%","0%","0%","0%","0","0","0","0","0","0","0","0","0","0"
242,"0%","0%","0%","0%","0%","0%","0%","0%","0%","0%","0","0","0","0","0","0","0","0","0","0"
243,"0%","0%","0%","0%","0%","0%","0%","0%","0%","0%","0","0","0","0","0","0","0","0","0","0"
244,"33.9%","0%","0%","0%","0%","0%","0%","0%","0%","0%","235","0","0","0","0","0","0","0","0","0"
245,"0%","0%","0%","0%","0%","0%","0%","0%","0%","0%","0","0","0","0","0","0","0","0","0","0"
246,"0%","17.3%","17.3%","17.3%","0%","0%","0%","28%","28%","0%","0","209","209","209","0","0","0","337","337","0"
247,"88.1%","100%","100%","100%","100%","88.1%","100%","100%","100%","100%","400","454","453","453","453","399","458","458","458","458"
248,"0%","0%","0%","0%","0%","0%","0%","0%","0%","0%","0","0","0","0","0","0","0","0","0","0"
249,"0%","0%","0%","0%","100%","100%","100%","100%","98.3%","98.3%","0","0","0","0","531","531","522","522","513","513"
250,"33.5%","26.4%","26.4%","26.4%","26.4%","4.3%","2.2%","2.2%","4.6%","4.6%","225","178","178","178","178","29","15","15","15","15"
251,"19.8%","11.7%","11.3%","11.2%","11.1%","0%","0%","0%","0%","0%","120","75","75","75","75","0","0","0","0","0"
252,"7%","14.3%","14.6%","14.8%","14.8%","10.2%","15.8%","19.3%","19.3%","19.1%","24","49","50","51","51","35","55","70","70","70"
253,"19.4%","32.9%","32.9%","32.9%","32.9%","18.7%","40.8%","40.9%","40.9%","33.6%","167","285","285","285","285","162","400","400","400","400"
254,"93.6%","89.7%","89.7%","94.2%","94.2%","95.6%","95.3%","66.6%","63.7%","1.7%","309","295","295","537","588","623","711","711","711","31"
255,"65.7%","68.1%","68.1%","68.1%","68.1%","56.8%","39%","38.7%","38.2%","32.6%","810","839","839","839","839","810","557","557","557","489"
256,"0%","0%","0%","0%","0%","0%","0%","0%","0%","0%","0","0","0","0","0","0","0","0","0","0"
257,"58.6%","71.8%","72.5%","72.5%","45%","46.4%","53.3%","53.4%","53.3%","53.4%","735","1,025","1,058","1,055","737","791","1,096","1,098","1,097","1,098"
258,"23.5%","23.7%","23.5%","24.4%","25.8%","27.7%","28%","28.2%","23.7%","23.7%","237","239","237","252","277","311","314","319","320","321"
259,"0.2%","0.8%","46.3%","46.3%","46.3%","44%","50.6%","50.6%","50.6%","0.6%","2","8","454","454","454","433","549","549","549","7"
260,"8.3%","8.9%","8.8%","8.7%","8.7%","8.1%","7.5%","7.5%","7.5%","7.6%","104","111","110","109","109","102","105","105","105","108"
261,"4.3%","6.9%","6.9%","6.9%","6.9%","4.3%","6.9%","6.9%","1.2%","1.2%","37","59","59","59","59","37","59","59","10","10"
262,"17.9%","14.9%","14.9%","14.8%","14.8%","18.2%","14.8%","14.7%","14.7%","14.8%","220","183","183","183","183","225","183","183","184","184"
263,"22.4%","21.9%","21.7%","21.5%","21.5%","20.4%","21.6%","21.5%","21.4%","21.6%","213","227","228","228","229","219","237","236","234","236"
264,"49.6%","46%","45.1%","44.6%","43.8%","44.1%","43.7%","43.6%","43.6%","43.6%","454","435","435","435","435","439","435","434","434","435"
265,"24%","23.8%","23.8%","23.6%","23.6%","0%","0%","0%","0%","0%","131","130","130","129","129","0","0","0","0","0"
266,"27.6%","31%","30.8%","30.7%","29.3%","25.2%","27.9%","27.9%","28%","26.9%","292","326","325","325","325","288","324","324","324","324"
267,"0%","0%","0%","0%","0%","0%","0%","0%","0%","0%","0","0","0","0","0","0","0","0","0","0"
268,"15.5%","43.4%","43.4%","43.5%","43.4%","40.1%","43.3%","43%","43.1%","43.1%","108","302","302","302","302","279","302","302","303","303"
269,"92.4%","88.5%","88.6%","88.7%","86.9%","88.4%","86.4%","86.4%","85.6%","86.4%","1,109","1,061","1,068","1,069","1,051","1,080","1,071","1,071","1,060","1,081"
270,"0%","100%","100%","100%","0%","0%","0%","100%","100%","0%","0","598","598","598","0","0","0","598","598","0"
271,"0%","0%","0%","0%","20.6%","7.6%","20.9%","20.9%","20.9%","21.1%","0","0","0","0","92","34","93","93","93","94"
272,"0%","41%","41%","41%","0%","0%","0%","41%","41%","6.9%","0","320","320","320","0","0","0","320","320","58"
273,"0.6%","0.6%","0.6%","0.6%","0.6%","0.5%","0.3%","0.3%","0.3%","2.7%","4","4","4","4","4","4","3","3","3","26"
274,"100%","48%","48%","48%","48%","100%","48%","0%","0%","48%","554","266","266","266","266","554","266","0","0","266"
275,"14.6%","42.2%","42.2%","42.2%","42.2%","16%","42.4%","41.8%","41.8%","42%","131","378","378","378","378","143","379","374","374","379"
276,"0%","0%","0%","0%","0%","0%","0%","0%","0%","0%","0","0","0","0","0","0","0","0","0","0"
277,"0%","0%","0%","0%","0%","0%","0%","0%","0%","0%","0","0","0","0","0","0","0","0","0","0"
278,"100%","44%","44%","44%","44%","100%","44.4%","49.3%","51.9%","51.9%","841","375","375","375","375","852","386","474","526","526"
279,"86.4%","67.5%","67.5%","67.5%","67.5%","85.5%","67.5%","67.5%","67.5%","67.5%","752","587","587","587","587","744","587","587","587","587"
280,"0%","0%","0%","0.2%","0%","0%","0%","0.2%","0%","0.1%","0","0","0","1","0","0","0","1","0","1"
281,"99.8%","99.8%","99.8%","99.8%","99.8%","99.8%","100%","100%","100%","100%","460","481","481","481","481","481","586","654","654","654"
282,"0%","0%","0%","0%","0%","0%","0%","0%","0%","0%","0","0","0","0","0","0","0","0","0","0"
283,"0%","0%","29.9%","29.9%","29.8%","23.1%","29.7%","29.8%","29.7%","0%","0","0","314","314","314","243","313","316","318","0"
284,"0.7%","0.7%","0%","0%","1%","57.9%","68.5%","68%","68.2%","67.7%","2","2","0","0","3","407","899","938","1,013","1,065"
285,"--","--","--","--","--","--","--","--","0%","0%","0","0","0","0","0","0","0","0","0","0"
286,"0%","0%","0%","0%","0%","0%","0%","0%","0%","0%","0","0","0","0","0","0","0","0","0","0"
287,"98.9%","91.8%","91.8%","93.3%","93.3%","99.4%","93.2%","93.3%","93.3%","93.3%","1,164","1,131","1,131","1,133","1,133","1,227","1,328","1,331","1,331","1,369"
288,"19.8%","52.7%","53.3%","53.5%","24.5%","20.4%","24.2%","39.2%","39.5%","39.5%","193","514","529","532","244","204","242","489","492","492"
289,"19.5%","8.4%","8.4%","8.3%","8.2%","24.3%","6.5%","7.5%","25.6%","17.4%","250","108","108","108","108","331","115","139","638","450"
290,"1.3%","52.9%","52.6%","52.1%","1%","1.6%","61.9%","0%","21.5%","15.5%","3","220","219","214","4","4","200","0","322","412"
291,"0%","0%","0%","0%","0%","0%","0%","0%","0%","0%","0","0","0","0","0","0","0","0","0","0"
292,"0%","0%","0%","0%","0%","0%","0%","0%","0%","0%","0","0","0","0","0","0","0","0","0","0"
293,"39.8%","57.3%","57.2%","57.1%","56.9%","37.5%","57.4%","56.6%","57.9%","57.8%","143","203","203","202","201","132","202","197","209","208"
294,"27.1%","0%","0%","0%","0%","25.1%","0%","0%","0%","0%","118","0","0","0","0","119","0","0","0","0"
295,"3.7%","15.9%","15.9%","15.9%","16.1%","20%","16.1%","16.1%","0%","0%","16","83","83","83","83","103","83","83","0","0"
296,"0%","1.2%","1.1%","1%","0%","0%","0%","0%","0%","0%","0","6","6","6","0","0","0","0","0","0"
297,"38.4%","44.7%","44.7%","44.7%","44.7%","35.3%","46%","43.3%","46%","46%","58","67","67","67","67","53","69","65","69","69"
298,"100%","100%","100%","100%","100%","100%","100%","100%","100%","100%","799","798","798","798","798","798","798","798","798","818"
299,"0%","0%","0%","0%","0%","0%","0%","0%","0%","0%","0","0","0","0","0","0","0","0","0","0"
300,"98.8%","100%","100%","98.8%","100%","100%","100%","100%","100%","100%","566","576","576","569","576","576","570","570","570","579"
301,"0%","0%","0%","0%","0%","0%","0%","0%","0%","0%","0","0","0","0","0","0","0","0","0","0"
302,"58.5%","51.9%","51.9%","51.9%","51.9%","51.6%","51.6%","52%","51.6%","51.6%","705","625","625","625","625","622","622","626","622","622"
303,"89.8%","84.3%","84.3%","84.3%","84.3%","90.7%","85.2%","85.4%","85.3%","85.5%","806","757","757","757","757","871","816","818","816","837"
304,"0%","0%","0%","0%","0%","0%","0%","100%","0%","0%","0","0","0","0","0","0","0","378","0","0"
305,"0%","0%","40%","40.2%","40.1%","40.1%","34.4%","33.1%","32.8%","0%","0","0","164","164","164","164","172","172","172","0"
306,"0%","0%","0%","0%","0%","0%","0%","0%","0%","0%","0","0","0","0","0","0","0","0","0","0"
307,"1.2%","26.1%","26.2%","20%","20%","1%","20.3%","19.1%","18.7%","18.7%","13","288","288","288","288","15","288","288","288","288"
308,"49.8%","26.6%","25.9%","25.9%","25.9%","42.8%","25.9%","25.9%","26%","64.5%","206","128","128","128","128","212","128","128","128","318"
309,"0%","0%","0%","0%","0%","0%","0%","0%","0%","0%","0","0","0","0","0","0","0","0","0","0"
310,"54.7%","65.7%","65.5%","65.3%","65.3%","53.3%","65.2%","65.3%","65.3%","66.1%","446","537","537","537","537","439","537","538","539","557"
311,"6.9%","0%","0%","0%","0%","6.9%","0%","0%","0%","0%","41","0","0","0","0","39","0","0","0","0"
312,"69.1%","64.6%","64.5%","64.5%","74.1%","77.2%","73.9%","73.6%","66.4%","66.3%","431","403","402","401","461","481","459","459","413","413"
313,"0%","0%","0%","0%","0.2%","0%","0%","0%","0%","0%","0","0","0","0","1","0","0","0","0","0"
314,"0%","0%","0%","0%","0%","0%","0%","0%","5.1%","5.1%","0","0","0","0","0","0","0","0","48","48"
315,"44.7%","53.9%","54%","54.2%","51.7%","49.3%","39.4%","40.1%","54.1%","90.1%","143","213","214","215","208","490","530","547","745","1,239"
316,"68.3%","80.5%","80.5%","80.5%","80.5%","72.5%","77.9%","77.9%","77.9%","77.8%","990","1,167","1,167","1,167","1,167","1,051","1,116","1,116","1,116","1,116"
317,"0%","0%","0%","0%","0%","0%","0%","0%","0%","0%","0","0","0","0","0","0","0","0","0","0"
318,"22.4%","27.2%","27.2%","27.1%","34.5%","29.4%","34.1%","33.6%","34%","47.9%","155","188","188","188","266","227","263","259","262","468"
319,"7.2%","14.1%","14.1%","14.2%","14.2%","13.3%","9.3%","9.3%","11.8%","11.9%","73","153","153","153","153","143","151","151","196","200"
320,"51.2%","72.3%","70.4%","69.1%","69.2%","83.2%","78%","77.9%","78%","78.2%","243","344","329","308","308","376","351","349","352","351"
321,"0%","0%","0%","0%","0%","0%","0%","0%","0%","0%","0","0","0","0","0","0","0","0","0","0"
322,"0%","0%","0%","0%","0%","0%","0%","0%","0%","0%","0","0","0","0","0","0","0","0","0","0"
323,"41.9%","29.7%","29.7%","29.8%","23.6%","42.6%","29.8%","23.8%","23.7%","23.7%","373","265","265","265","210","381","266","212","211","211"
324,"0%","0.7%","0.7%","0.7%","0%","0%","1.2%","0%","0%","0%","0","4","4","4","0","0","7","0","0","0"
325,"61.5%","57.8%","57.4%","57.3%","57.3%","61.6%","57.1%","57.1%","56.9%","56.8%","688","647","647","646","646","696","653","653","653","655"
326,"0%","0%","0%","0%","0%","0%","0%","0%","0%","0%","0","0","0","0","0","0","0","0","0","0"
327,"38.8%","38%","38%","38%","39.5%","40.6%","49.9%","49.9%","58.1%","58%","243","238","238","238","247","254","379","379","539","539"
328,"60.7%","66.2%","66.2%","66.4%","66.3%","60.3%","67.3%","67.2%","67.1%","60.6%","232","253","253","253","252","228","251","252","251","330"
329,"5.5%","5.5%","5.5%","5.5%","5.6%","5.6%","5.6%","5.6%","5.6%","5.6%","42","42","42","42","43","43","43","43","43","43"
330,"0.1%","0%","0%","0%","0%","0%","0%","0%","0%","0%","1","0","0","0","0","0","0","0","0","0"
331,"2.4%","2.4%","2.4%","2.4%","2.4%","1.9%","54%","44.9%","50.2%","36.1%","17","17","17","17","17","17","839","839","839","838"
332,"0%","0%","0%","0%","0%","0%","0%","0%","0%","0%","0","0","0","0","0","0","0","0","0","0"
333,"17%","0%","0%","0%","0%","0%","0%","0%","0%","0%","174","0","0","0","0","0","0","0","0","0"
334,"0%","0%","0%","0%","0%","0%","0%","0%","0%","0%","0","0","0","0","0","0","0","0","0","0"
335,"34.3%","40.9%","39.4%","39.4%","53.2%","32.6%","37.2%","35.6%","35%","33.7%","355","434","434","441","598","366","442","441","442","442"
336,"0%","0%","0%","0%","41.5%","44.3%","37.5%","36.9%","33.7%","32.7%","0","0","0","0","793","846","1,030","1,030","1,030","1,036"
337,"0%","0%","0%","0%","0%","0%","0%","0%","0%","0%","0","0","0","0","0","0","0","0","0","0"
338,"0%","0%","86.3%","86.3%","95.3%","85.8%","96.8%","96.8%","96.8%","97.7%","0","0","1,151","1,151","1,234","1,107","1,857","1,857","1,857","2,548"
339,"0%","0%","0%","0%","0%","33%","30.4%","28.4%","20.6%","0%","0","0","0","0","0","443","431","434","434","0"
343,"52.8%","61%","61.7%","61.8%","61.6%","45.7%","47.7%","51.4%","52.6%","46.5%","496","515","529","532","530","492","505","588","614","703"
344,"74%","72.3%","70.5%","70.8%","76.3%","69.4%","70.5%","73.7%","69.2%","54%","538","544","555","562","640","590","597","624","586","481"
345,"0%","0%","0%","0%","0%","0%","0%","0%","0%","0%","0","0","0","0","0","0","0","0","0","0"
346,"0%","0%","0%","0%","0%","0%","0%","0%","20.6%","0%","0","0","0","0","0","0","0","0","217","0"
347,"0%","0%","0%","0%","0%","0%","0%","0%","0%","0%","0","0","0","0","0","0","0","0","0","0"
348,"0.1%","0%","0%","0%","0%","0%","0%","0%","0%","0%","1","0","0","0","0","0","0","0","0","0"
349,"78.1%","75%","75%","74.8%","70.3%","72.5%","66.2%","61.4%","76.5%","76.3%","616","592","592","591","467","465","345","325","588","585"
350,"0%","0%","0%","0%","0%","0%","0%","0%","0%","0%","0","0","0","0","0","0","0","0","0","0"
351,"43%","48.8%","46.3%","46%","45.6%","36.5%","45.9%","45.8%","45.6%","45.5%","170","202","203","203","204","165","214","214","213","214"
352,"12.9%","16.5%","16.5%","16.5%","16.5%","13.5%","16.5%","16.5%","16.5%","16.5%","147","188","189","189","189","154","189","189","189","189"
353,"12.7%","16.2%","16.3%","16.3%","16.3%","12.2%","15.8%","16.4%","16.9%","14.2%","123","161","163","163","163","122","170","180","188","188"
354,"48.9%","49.9%","49.9%","49.9%","49.9%","45.2%","49.9%","49.9%","49.9%","50%","495","505","505","505","505","457","505","505","505","506"
355,"0%","0%","0%","0%","0%","0%","0%","0%","0%","0%","0","0","0","0","0","0","0","0","0","0"
356,"53.5%","58.5%","58.5%","58.2%","58.7%","74.3%","56.9%","56.1%","56.1%","56.1%","1,004","1,102","1,102","1,102","1,113","1,431","1,161","1,161","1,161","1,163"
357,"36.4%","48.8%","50.4%","50.4%","50.2%","50.1%","42.8%","40.8%","41.3%","41.1%","510","684","726","725","726","728","546","503","511","507"
358,"57.2%","57.8%","57.8%","77.9%","36.5%","44.3%","39.2%","36.9%","36.8%","37.1%","856","866","866","1,297","512","863","1,072","1,004","998","1,009"
359,"0%","0%","0%","0%","0%","0%","0%","0%","0%","0%","0","0","0","0","0","0","0","0","0","0"
360,"14.7%","18%","17.6%","17.5%","19.6%","14%","14.4%","15.5%","13.1%","23.8%","211","263","263","263","295","215","260","297","272","588"
361,"45.4%","38.6%","38.6%","29%","22.8%","32.4%","13.2%","11.3%","11.1%","9.9%","207","174","174","173","172","279","209","211","210","209"
362,"0%","0%","0%","0%","0%","0%","0%","0%","0%","0%","0","0","0","0","0","0","0","0","0","0"
363,"34.6%","38.2%","38.2%","38.3%","38.2%","41.8%","43.2%","42.9%","53.3%","0%","388","462","461","461","458","510","497","495","626","0"
364,"53.7%","56%","55.9%","55.7%","54.3%","52.9%","55.3%","55.4%","55.1%","54.7%","601","628","639","640","628","624","583","584","581","577"
365,"52.5%","87.2%","87.2%","87.2%","87.1%","89.6%","86.7%","86.8%","78.3%","86.7%","341","719","720","720","717","734","707","708","640","707"
366,"29.2%","7%","6.8%","5%","5%","3.9%","1%","1%","1%","1%","170","31","31","22","22","17","4","4","4","4"
367,"17.9%","41.8%","41.5%","36.5%","36.4%","21.6%","19.5%","19.5%","0.9%","17.9%","456","1,143","1,130","1,130","1,126","675","676","675","30","651"
368,"49.1%","82.5%","82.5%","85.1%","85.1%","88.2%","76.1%","78.6%","78.6%","78.6%","581","977","977","1,007","1,007","1,044","899","928","928","928"
369,"89.6%","38.3%","33%","32.5%","30.4%","27.4%","30%","30%","74.1%","0%","472","195","155","151","137","123","133","133","764","0"
370,"0%","58.6%","58.6%","58.6%","58.4%","56.4%","53.6%","53.3%","53.1%","56.7%","0","724","713","714","712","698","650","650","649","770"
371,"14.9%","5.4%","5.3%","5.3%","15.8%","23.4%","13.9%","15%","14.9%","11.5%","337","121","120","120","356","528","311","337","428","353"
372,"21.3%","21.5%","21.6%","21.8%","10%","8.8%","24.5%","9.5%","31.3%","27.4%","902","941","948","964","444","393","1,093","444","1,363","1,353"
373,"20.7%","28.6%","28.7%","28.6%","28.2%","22.9%","22%","27.7%","27.5%","22.2%","230","317","318","318","313","258","247","313","310","249"
374,"64.4%","49.2%","49.4%","49.5%","49.6%","66.3%","51.1%","51.3%","51.5%","51.8%","739","559","562","563","564","756","537","541","543","553"
375,"41.2%","32.3%","32.4%","32.4%","32.5%","39.3%","31.1%","31.4%","31.3%","2.2%","354","279","280","281","282","367","279","280","276","19"
376,"21.6%","21%","20.7%","23.8%","23.7%","24.7%","23.4%","11.4%","11.4%","11.2%","309","304","302","361","359","374","353","173","172","172"
377,"3.6%","0.2%","0.1%","0.1%","0.1%","3.6%","0.1%","0.1%","0.1%","0%","70","3","3","3","3","74","3","3","3","0"
378,"39.7%","39.4%","40.2%","40.9%","39.7%","47.3%","54.1%","54.9%","13.4%","64.1%","835","833","863","886","860","1,130","1,591","1,635","405","1,944"
379,"15%","9.4%","10%","10.2%","11.6%","17.8%","14.1%","7%","14%","14%","195","123","132","135","156","242","192","96","191","192"
380,"5.3%","7.4%","7.4%","7.4%","7.4%","4.8%","7.3%","7.2%","7.2%","7.2%","97","135","135","135","135","89","134","134","133","134"
381,"29.1%","34.8%","40.6%","50%","79.3%","72.6%","81.4%","83%","83%","81.3%","510","607","709","1,036","1,601","1,436","2,437","2,483","2,488","2,435"
382,"0%","0%","0%","0%","0%","0%","0%","0%","0%","0%","0","0","0","0","0","0","0","0","0","0"
383,"24.4%","31.1%","31.1%","31.1%","31.1%","51.7%","59.6%","33.1%","60.3%","60.4%","390","495","495","495","495","823","959","543","988","991"
385,"3.4%","1.3%","1.4%","1.3%","1.3%","3.5%","1.2%","1.3%","1.4%","1.4%","68","27","27","26","26","69","24","25","28","28"
386,"26%","24.3%","24.4%","24.3%","23.9%","23.9%","18.4%","18.2%","20.4%","17.9%","220","206","206","204","198","208","211","216","254","281"
387,"29.2%","45.1%","45.2%","45.1%","45.3%","28.6%","45%","32.4%","26.4%","61.5%","278","427","427","425","426","267","395","285","284","776"
388,"0%","0%","20%","20.9%","14.2%","35%","22.2%","21.1%","20%","20.3%","0","0","195","206","206","515","345","325","337","439"
389,"16.1%","12.9%","12.9%","12.9%","33%","29.8%","36.2%","36.2%","0%","14.6%","534","460","460","460","1,176","1,098","1,187","1,188","0","484"
390,"17.2%","0%","0%","0%","0%","0%","0%","0%","0%","0%","136","0","0","0","0","0","0","0","0","0"
391,"0%","0%","0%","0%","0%","0%","0%","0%","0%","0%","0","0","0","0","0","0","0","0","0","0"
392,"52.6%","52.9%","52.8%","54.2%","30.5%","28.6%","28.9%","28.9%","28.9%","29.7%","2,121","2,133","2,160","2,217","1,259","1,187","1,115","1,111","1,110","1,158"
393,"56.2%","55.4%","53.5%","51.4%","62.2%","64.6%","73.9%","74%","75.9%","76%","1,643","1,622","1,502","1,378","1,655","1,714","2,862","2,864","3,135","3,185"
394,"0%","25.2%","25.7%","25.7%","25.6%","34%","26.5%","26.8%","26.4%","26.7%","0","362","371","371","369","490","377","383","383","383"
395,"18%","22.4%","22.3%","22.4%","22.4%","43%","44.1%","31.9%","31.9%","29.7%","117","149","148","148","149","402","406","406","406","393"
396,"0%","0%","0%","0%","0%","0%","0%","0%","0%","0%","0","0","0","0","0","0","0","0","0","0"
397,"99.7%","42.5%","41.7%","43.9%","94.1%","3.7%","9.4%","9.4%","9.4%","9.4%","919","391","453","495","1,061","42","104","104","104","104"
398,"0.6%","0%","0%","0%","0.5%","0%","0%","0%","0%","0%","2","0","0","0","2","0","0","0","0","0"
399,"74.5%","0%","53.9%","52.8%","56%","58.6%","48.2%","48.2%","48.2%","48.2%","767","0","558","558","608","642","399","399","399","399"
400,"0%","0%","0%","0%","0%","0%","0%","0%","0%","0%","0","0","0","0","0","0","0","0","0","0"
401,"8%","7.3%","7.3%","7.3%","7.3%","8%","7.2%","7.2%","5.7%","5.8%","66","60","60","60","60","66","59","59","59","60"
402,"8%","6.9%","6.8%","6.8%","1%","2.1%","0.8%","0%","0%","0%","46","40","39","39","6","12","5","0","0","0"
403,"14%","7.2%","11.5%","11.6%","11.5%","12.8%","23.5%","26.6%","26.5%","27.1%","85","47","78","80","81","95","205","245","245","256"
404,"55.6%","62.7%","62.7%","62.5%","67.4%","57.6%","67.7%","67.7%","66.9%","69.6%","472","533","532","533","574","490","563","567","560","636"
405,"0%","0%","0%","0%","0.7%","0.5%","0.8%","0.8%","0.8%","0.8%","0","0","0","0","10","7","11","11","11","11"
406,"13.1%","19.3%","17.2%","16.9%","16.8%","24%","22.6%","22.6%","27.2%","26.1%","103","158","146","146","155","256","227","227","274","274"
407,"19.4%","25.2%","25%","25%","23.1%","20.7%","22%","21.6%","26.5%","28.4%","136","177","177","179","168","153","162","159","208","232"
408,"36.1%","35.6%","35.9%","36%","36.2%","39.1%","39.5%","39.6%","39.9%","38.9%","371","379","385","385","389","422","448","452","458","459"
409,"0%","29.1%","29.5%","29.8%","29.8%","27.9%","31%","31.1%","31.2%","31%","0","301","308","311","314","298","335","338","337","337"
410,"20.5%","0%","0%","0%","20.4%","0.1%","0%","0%","0%","0.1%","203","0","0","0","204","1","0","0","0","1"
411,"0%","0%","0%","0%","0%","0%","0.2%","0.2%","0.2%","0.1%","0","0","0","0","0","0","1","1","1","1"
412,"0%","0%","0%","0%","0%","0%","0%","0%","0%","5.5%","0","0","0","0","0","0","0","0","0","25"
413,"0%","0%","0%","0%","0%","0%","0%","0%","0%","0%","0","0","0","0","0","0","0","0","0","0"
416,"100%","100%","100%","100%","100%","100%","100%","100%","100%","100%","893","893","893","893","893","893","722","722","722","729"
417,"41.9%","50.8%","50.8%","46%","41.8%","37.5%","36.4%","35.9%","35.9%","35.6%","273","331","331","331","331","308","333","331","345","350"
418,"36%","0%","31%","31%","31%","36.6%","30.9%","30.9%","30.9%","32.7%","422","0","363","363","363","429","363","363","363","394"
419,"0%","0%","0%","0%","0%","0%","0%","0%","0%","0%","0","0","0","0","0","0","0","0","0","0"
420,"16.5%","34.7%","34.1%","33.8%","34.6%","33.4%","33%","33%","32.9%","33.3%","176","377","377","377","386","373","380","380","380","380"
421,"0%","0%","0%","0%","0%","0%","0%","0%","0%","0%","0","0","0","0","0","0","0","0","0","0"
422,"3.4%","3.8%","2.7%","2.7%","10%","22.5%","25.9%","25.1%","25.9%","26.2%","20","22","22","22","88","234","354","343","355","365"
423,"3.4%","4.1%","4.1%","3.9%","6%","2.6%","4.3%","4%","3.7%","2.3%","24","30","30","30","50","24","48","48","48","30"
424,"43.2%","43.1%","42.8%","42.9%","57.8%","42.8%","42.9%","43.1%","43%","42.3%","335","333","332","333","450","337","333","333","332","333"
425,"0%","0%","0%","0%","0%","0%","0%","0%","0%","0%","0","0","0","0","0","0","0","0","0","0"
426,"61.7%","69.2%","69.2%","69.2%","69.3%","61.9%","69%","69%","69%","69%","500","560","560","560","560","501","558","559","559","559"
428,"0%","0%","0%","0%","0%","0%","0%","0%","0%","0%","0","0","0","0","0","0","0","0","0","0"
430,"74.9%","32.5%","31.9%","32.8%","33.9%","34.4%","29.3%","29.3%","29.3%","29.3%","969","495","495","526","558","601","601","601","601","601"
431,"0%","0.1%","0.1%","0.1%","0.1%","0%","0.1%","0.1%","0.1%","0.1%","0","1","1","1","1","0","1","1","1","1"
432,"0%","0%","0%","0%","10.3%","0%","0%","0%","0%","0%","0","0","0","0","95","0","0","0","0","0"
433,"0.3%","0.3%","0.3%","0.3%","0.3%","0.3%","0.3%","0.3%","0.3%","0%","1","1","1","1","1","1","1","1","1","0"
434,"13.5%","12.7%","12.5%","12.4%","0%","0%","8.3%","0%","7%","14.2%","124","130","135","138","0","0","115","0","114","282"
435,"2.7%","3.9%","0.4%","0.4%","0.4%","0.4%","0.4%","0.4%","0.4%","0.4%","6","9","1","1","1","1","1","1","1","1"
436,"46.2%","38.8%","33.7%","33.8%","33.7%","46.9%","33.7%","33.7%","33.7%","33.7%","279","234","203","204","204","284","203","203","203","203"
437,"0%","1.2%","1.1%","1%","1%","21%","0.5%","0.4%","0.5%","0.4%","0","14","14","14","14","341","13","13","17","13"
438,"41.5%","42.5%","41.2%","40%","61.6%","51.5%","52.8%","48.3%","47.2%","45.9%","170","287","332","368","682","708","1,040","1,040","1,037","1,047"
442,"46.6%","50.7%","36.9%","36.6%","35.7%","28.3%","32.6%","32.6%","32.6%","32.6%","334","364","268","268","268","218","267","267","267","267"
443,"0%","0%","0%","0%","0%","0%","0%","0%","0%","0%","0","0","0","0","0","0","0","0","0","0"
444,"0%","0%","0%","0%","0%","0%","0%","0%","0%","0%","0","0","0","0","0","0","0","0","0","0"
445,"16.8%","18.8%","18.7%","18.8%","18.8%","16.4%","18.8%","0.4%","18.8%","18.8%","171","192","191","192","192","167","191","4","192","192"
446,"0%","0%","0%","0%","0%","0%","0%","0%","0%","0%","0","0","0","0","0","0","0","0","0","0"
447,"0%","0%","0%","0%","0%","0%","0%","0%","0%","0%","0","0","0","0","0","0","0","0","0","0"
448,"0%","2.1%","47.4%","45.5%","45.1%","40.5%","44.7%","44.1%","44.7%","45.3%","0","31","728","728","735","684","753","744","753","796"
449,"0%","18.5%","18.6%","18.4%","18.4%","19.5%","24.8%","24.5%","24.8%","24.5%","0","173","175","171","173","188","259","256","259","259"
450,"0%","0%","0%","0%","0%","0%","0%","0%","0%","0%","0","0","0","0","0","0","0","0","0","0"
451,"0%","0.2%","0.2%","0.1%","0.1%","0.1%","0.1%","0%","0.1%","1.7%","0","2","2","2","2","2","2","0","2","40"
452,"0%","21.1%","21.1%","21.4%","19.4%","23.3%","14.7%","13.2%","12%","14%","0","128","127","129","117","141","107","118","127","153"
453,"54%","55.7%","55.7%","55.7%","56.1%","54.4%","57.6%","58.7%","60.5%","60.3%","496","511","511","510","514","497","540","564","609","607"
454,"6.1%","10.6%","11.5%","11.5%","11.8%","10.4%","11.7%","10.8%","10.8%","10.3%","33","57","62","62","64","56","63","59","59","58"
455,"19.8%","16.7%","16.7%","16.8%","13%","17.9%","17.5%","14.8%","16.1%","15.8%","149","126","126","127","111","136","133","113","125","126"
456,"90.5%","33.2%","32.6%","32.5%","44.4%","43.3%","87.7%","89.9%","90.1%","90.2%","181","183","178","178","177","177","228","284","292","293"
457,"0%","0%","0%","0%","0%","0%","0%","0%","0%","0%","0","0","0","0","0","0","0","0","0","0"
458,"2%","0.3%","0.3%","0.3%","9.1%","7.4%","9.1%","9.2%","9.4%","9.4%","8","1","1","1","36","29","36","36","36","36"
459,"9.5%","12.7%","12.7%","12.7%","12.7%","10.5%","12.7%","12.6%","12.2%","11.9%","93","124","124","124","124","102","123","124","124","125"
460,"0%","0%","0%","0%","0%","0%","0%","43.6%","58.6%","43.1%","0","0","0","0","0","0","0","657","657","658"
462,"0%","0.5%","0.5%","0.5%","0.3%","9%","0.7%","0%","0.7%","0.6%","0","4","4","4","3","84","8","0","10","10"
463,"0%","37%","37.1%","37.1%","40.9%","6.4%","72.3%","72.1%","70.4%","73.8%","0","374","374","374","440","69","1,723","1,717","1,676","1,731"
464,"13.5%","9.7%","9.7%","9.6%","19.7%","32.3%","21%","20.9%","20.9%","19.5%","165","123","123","122","282","527","523","523","523","491"
465,"0%","0%","0%","0%","0%","0%","0%","0%","0%","0%","0","0","0","0","0","0","0","0","0","0"
466,"6.5%","4.9%","4.8%","4.8%","4.8%","6.3%","4.6%","4.5%","3.7%","3.5%","61","46","46","46","46","61","46","46","40","40"
467,"26.2%","40.4%","40.4%","40.3%","40.3%","24%","40.4%","28.5%","28.5%","27.5%","178","287","287","287","287","171","287","287","287","277"
468,"0%","17.2%","17%","15.1%","15.1%","0%","0%","0%","0%","0%","0","15","15","13","13","0","0","0","0","0"
469,"0%","0%","0%","0%","0%","0%","0%","0%","0%","0%","0","0","0","0","0","0","0","0","0","0"
470,"5.4%","15.2%","15.5%","15.5%","15.5%","9.3%","16.1%","16.1%","16.1%","16.1%","56","157","159","159","160","98","170","170","170","170"
471,"43.9%","84.9%","85%","85%","84.9%","79.7%","87.3%","87.3%","87.3%","87%","558","1,082","1,080","1,079","1,080","1,247","1,365","1,366","1,374","1,374"
472,"0%","2.1%","2%","2%","1.8%","3%","2.3%","2.4%","2.4%","2.3%","0","11","11","11","10","17","13","14","14","14"
473,"0%","79.2%","79.5%","79.2%","79.2%","54.9%","44.9%","44.9%","44.2%","42.5%","0","814","828","822","832","597","492","493","494","495"
474,"50.6%","60.6%","60.7%","60.7%","60.7%","58.4%","60.4%","60.3%","60.3%","72.1%","579","695","698","698","701","676","703","703","704","880"
475,"0%","13%","12.9%","12.9%","12.3%","0%","0%","0%","0%","0%","0","107","109","109","108","0","0","0","0","0"
476,"78.9%","66.5%","67.6%","67.4%","62.9%","72.4%","74.7%","76.6%","77.9%","59.1%","5,954","5,039","5,435","5,615","5,614","7,019","8,698","9,621","10,745","8,459"
