NPA,2013,2015,2016,2017,2018,2019,2020,2022,2023,2024,2013 Raw,2015 Raw,2016 Raw,2017 Raw,2018 Raw,2019 Raw,2020 Raw,2022 Raw,2023 Raw,2024 Raw
2,"53.2%","53.3%","53.4%","53.2%","53.2%","52.8%","52.8%","59.2%","59.1%","54.6%","575","575","576","574","576","569","569","668","671","544"
3,"94.1%","95.7%","95.6%","89.7%","90.6%","89.8%","89.8%","90.3%","91.5%","91.9%","4,467","4,547","4,524","4,741","5,373","7,188","7,188","7,683","8,877","5,251"
4,"1.5%","1.5%","1.5%","1.5%","1.4%","1.5%","1.5%","1.5%","1.5%","1.3%","6","6","6","6","6","6","6","6","6","5"
5,"93%","92.7%","92.6%","96.6%","97.5%","97.1%","97.1%","97.1%","100%","100%","306","307","302","311","310","333","333","338","348","336"
6,"65.4%","65.2%","65.4%","64.7%","67.1%","65.2%","65.2%","64.7%","79.8%","81%","536","533","534","527","542","518","518","525","657","606"
7,"84.4%","84.5%","84.8%","85.2%","85%","85.1%","85.1%","46.6%","41.7%","69.9%","357","360","362","367","367","355","355","354","352","343"
8,"68.1%","67.5%","67.7%","67.4%","84.8%","85.8%","85.8%","100%","100%","100%","697","695","701","694","916","981","981","1,158","1,168","1,025"
9,"100%","100%","100%","100%","100%","100%","100%","100%","100%","100%","305","302","305","294","304","322","322","320","349","268"
10,"99.6%","99.6%","99.6%","99.6%","99%","99.6%","99.6%","99.6%","99.6%","99.7%","1,588","1,585","1,585","1,579","1,581","1,698","1,698","1,729","1,726","1,457"
11,"100%","100%","100%","100%","100%","100%","100%","100%","100%","100%","1,212","1,225","1,225","1,231","1,253","1,224","1,224","1,237","1,252","1,162"
12,"58.7%","58.7%","58.7%","58.7%","58.7%","92.3%","92.3%","96.8%","97.5%","90.6%","738","738","738","738","738","1,160","1,160","1,217","1,569","1,135"
13,"68.2%","68.3%","68.4%","69%","68.4%","61.6%","61.6%","69%","61.7%","68.8%","1,234","1,248","1,251","1,263","1,253","912","912","1,262","912","1,250"
14,"86.5%","86.5%","86.5%","86.5%","67.1%","66.9%","66.9%","66.9%","66.6%","66.9%","1,396","1,396","1,395","1,393","1,081","1,080","1,080","1,080","1,081","1,080"
15,"58.2%","58.6%","58.8%","59.3%","60.3%","59.1%","59.1%","57.8%","57.2%","58.2%","480","488","493","503","511","502","502","492","493","490"
16,"46.6%","46.6%","46.6%","46.7%","47.8%","72.1%","72.1%","70.4%","70.3%","70.3%","984","984","986","986","1,009","1,524","1,524","1,487","1,486","1,484"
17,"89.2%","89.2%","89.1%","89.1%","89.8%","89.1%","89.1%","94.7%","94.7%","94.7%","1,120","1,120","1,117","1,117","1,122","1,117","1,117","1,186","1,186","1,183"
18,"81%","80.5%","80.8%","79.4%","79%","89.7%","89.7%","90.6%","91%","90.2%","1,369","1,365","1,368","1,322","1,331","1,523","1,523","1,646","1,723","1,438"
19,"76%","76%","76%","76%","76.6%","88.8%","88.8%","88.6%","88.6%","88.9%","1,336","1,339","1,339","1,339","1,356","1,589","1,589","1,590","1,593","1,565"
20,"15.5%","15.5%","15.5%","15.5%","13.5%","44.6%","44.6%","44.2%","44%","44.6%","225","225","225","225","196","648","648","649","649","649"
21,"92.4%","92%","91.9%","91.9%","91.2%","92.4%","92.4%","95.4%","95.8%","93.4%","1,123","1,123","1,125","1,122","1,103","1,174","1,174","1,806","2,478","1,265"
22,"100%","100%","100%","100%","100%","100%","100%","100%","100%","100%","364","499","508","696","688","2,176","2,176","3,797","4,205","1,529"
23,"96.9%","96.9%","96.9%","96.9%","95.5%","96.9%","96.9%","96.5%","96.5%","96.5%","533","533","533","532","525","533","533","531","531","531"
24,"98.1%","98.9%","98.9%","98.9%","98.8%","99.8%","99.8%","99.7%","98.8%","98.4%","464","443","441","441","421","402","402","339","496","303"
25,"52.1%","44%","44.3%","44.7%","45.3%","47.6%","47.6%","47.7%","47.6%","44.6%","579","489","495","504","515","566","566","567","567","500"
26,"1.3%","1.4%","1.4%","1.4%","1.5%","1.4%","1.4%","1.5%","1.5%","9.7%","14","15","15","15","16","15","15","16","16","104"
27,"6.8%","6.8%","6.8%","6.8%","6.8%","8.1%","8.1%","8.8%","8.9%","6.8%","67","67","67","67","67","81","81","89","90","67"
28,"38.3%","38.2%","38%","38%","37.7%","36.8%","36.8%","36.9%","36.6%","38.8%","210","210","209","210","211","215","215","217","216","200"
29,"2.1%","0%","0%","0%","0%","0%","0%","0%","0%","0%","12","0","0","0","0","0","0","0","0","0"
30,"100%","94.8%","100%","100%","79.5%","85.6%","85.6%","85.7%","87.6%","91.3%","504","810","987","1,096","874","1,361","1,361","1,376","1,619","1,202"
31,"20.8%","20.9%","20.8%","20.7%","20.5%","20.6%","20.6%","20.6%","20.6%","20.7%","141","141","141","141","141","141","141","141","141","141"
32,"80%","80%","80%","80%","76.4%","76.4%","76.4%","75.9%","83.3%","83.3%","176","176","176","176","168","168","168","167","265","265"
33,"0%","0%","0%","0.2%","0%","0.2%","0.2%","94.1%","94.2%","94.2%","0","0","0","1","0","1","1","588","588","587"
34,"0%","0%","0%","0.4%","0%","0.2%","0.2%","0.2%","46.1%","66.1%","0","0","0","3","0","3","3","3","762","576"
35,"2.1%","2%","0%","0%","0%","0.8%","0.8%","1.1%","1.5%","14.7%","16","16","0","0","0","9","9","14","21","146"
36,"82.3%","84.9%","84.9%","86%","86%","86%","86%","86%","86%","86%","865","1,045","1,046","1,140","1,145","1,146","1,146","1,146","1,145","1,142"
37,"100%","100%","100%","100%","100%","100%","100%","100%","100%","100%","780","779","774","776","787","1,090","1,090","1,092","1,119","686"
38,"61.3%","61.4%","61.4%","61.4%","60.3%","61.7%","61.7%","64.4%","66.3%","61.2%","516","516","516","516","507","510","510","703","848","508"
39,"14.1%","14.2%","14.3%","14.7%","59.9%","67.2%","67.2%","79.9%","93.1%","93.1%","133","135","138","145","594","667","667","794","930","921"
40,"71.9%","72%","72.1%","72.1%","73%","73.6%","73.6%","73%","72.9%","99.9%","850","852","859","860","894","910","910","910","913","1,209"
41,"100%","100%","100%","100%","100%","100%","100%","100%","100%","100%","773","773","773","774","774","774","774","774","786","785"
42,"82.5%","82.5%","82.5%","82.5%","82.5%","82.5%","82.5%","82.5%","82.5%","82.5%","1,095","1,095","1,095","1,095","1,095","1,095","1,095","1,095","1,095","1,095"
43,"0%","0%","0%","0%","0%","0%","0%","0%","0%","0%","0","0","0","0","0","0","0","0","0","0"
44,"73.8%","74%","74.2%","74.4%","74.4%","74.8%","74.8%","74.3%","74.2%","73.8%","336","341","351","357","363","356","356","356","350","352"
45,"10.5%","11.4%","12.3%","17.4%","26.9%","36%","36%","29%","29.1%","21.9%","116","130","145","223","440","929","929","754","757","300"
46,"37.3%","37.3%","37.3%","37.3%","37.3%","53.4%","53.4%","61.9%","61.8%","61.8%","357","357","357","357","357","510","510","591","591","591"
47,"0%","0%","0%","0%","0%","0%","0%","0%","0%","0%","0","0","0","0","0","0","0","0","0","0"
48,"75.6%","75.6%","76.2%","76.2%","76.6%","77.4%","77.4%","77.4%","77.5%","77.6%","467","465","465","463","464","466","466","465","465","465"
49,"26.4%","26.2%","26%","26%","26%","53%","53%","54.1%","54.1%","59%","252","252","253","253","253","517","517","555","556","571"
50,"41.3%","41.4%","41.4%","41.4%","48.3%","51.8%","51.8%","52.3%","52.3%","55.4%","435","436","436","436","509","506","506","515","515","584"
51,"100%","100%","100%","100%","100%","100%","100%","100%","100%","100%","737","732","765","761","1,137","1,211","1,211","1,377","1,404","779"
52,"73.5%","51.4%","57.4%","60.6%","64%","100%","100%","100%","100%","100%","653","283","316","361","476","809","809","811","849","848"
53,"99.8%","99.8%","33.4%","38.5%","99.8%","99.8%","99.8%","99.9%","100%","100%","1,058","1,220","408","408","1,058","1,058","1,058","1,392","1,395","1,218"
54,"57.7%","57.8%","56%","55.3%","58%","57.7%","57.7%","57.7%","59.3%","59.9%","324","323","313","315","331","326","326","327","338","329"
55,"0%","0%","0%","0%","0%","0%","0%","0%","0%","0%","0","0","0","0","0","0","0","0","0","0"
56,"0%","0%","0%","0%","0%","0%","0%","0%","0%","0%","0","0","0","0","0","0","0","0","0","0"
57,"85.7%","85.7%","85.7%","85.7%","85.7%","94.5%","94.5%","94.5%","94.5%","93.3%","573","573","573","573","573","772","772","772","772","627"
58,"79.4%","79.4%","79.3%","89.7%","90.3%","89.9%","89.9%","90.1%","90.1%","90.1%","385","385","384","435","439","434","434","435","435","438"
59,"0.2%","0.5%","0.5%","0.5%","0.3%","0.5%","0.5%","0%","78.4%","73.4%","2","6","6","6","3","6","6","0","1,054","789"
60,"70%","70.2%","75.7%","62.2%","62.2%","62.5%","62.5%","67.1%","61.7%","61.7%","790","791","1,047","1,047","1,047","1,062","1,062","1,296","1,025","1,024"
61,"23.3%","23.3%","23.3%","23.3%","23.3%","23.2%","23.2%","100%","100%","100%","101","101","101","101","101","101","101","436","436","434"
62,"0%","100%","100%","100%","100%","--","--","--","--","100%","0","64","64","64","64","0","0","0","0","63"
64,"94.9%","44.5%","26.7%","54.6%","54.7%","42.1%","42.1%","42.1%","42.1%","48.5%","1,874","919","547","1,399","1,399","1,063","1,063","1,063","1,063","1,063"
65,"48.7%","40.2%","91.7%","76%","76.1%","76.7%","76.7%","76.8%","65.9%","76.1%","528","492","860","932","932","932","932","932","932","932"
66,"97.3%","97.4%","97.4%","97.4%","97.5%","100%","100%","100%","100%","100%","1,229","1,318","1,318","1,318","1,319","1,353","1,353","1,353","1,664","1,354"
67,"100%","100%","100%","100%","100%","73.4%","73.4%","71.4%","71.4%","100%","631","643","643","631","631","610","610","610","610","643"
68,"16.6%","16.6%","16.6%","16.6%","16.6%","16.7%","16.7%","16.7%","16.7%","16.6%","188","188","188","188","188","188","188","188","188","188"
69,"52.2%","43%","35.6%","35.4%","35.6%","57.9%","57.9%","57.9%","57.9%","35.2%","394","273","256","254","257","626","626","625","625","251"
70,"100%","100%","100%","100%","100%","100%","100%","100%","100%","100%","523","521","521","520","519","520","520","522","524","519"
71,"76%","76.1%","76.1%","76.1%","75.9%","76.5%","76.5%","76.5%","76.3%","76.9%","1,077","1,085","1,085","1,085","1,082","1,075","1,075","1,075","1,071","1,086"
72,"0%","0%","0%","0%","0%","0%","0%","59.9%","67.5%","64%","0","0","0","0","0","0","0","1,151","1,732","1,147"
73,"3.6%","4.9%","7%","7.4%","8%","8.1%","8.1%","7.5%","8.2%","10.9%","37","52","77","81","91","102","102","111","127","119"
74,"98.9%","98.9%","98.9%","98.9%","98.9%","100%","100%","100%","100%","100%","732","732","732","732","732","740","740","740","740","740"
75,"27.2%","30.2%","30.2%","30.1%","26.6%","56.9%","56.9%","56.9%","56.7%","29.6%","201","240","240","238","212","744","744","744","744","239"
76,"0.2%","0.2%","14.6%","15.5%","15.5%","14.6%","14.6%","12.4%","12%","36.2%","2","2","169","182","182","181","181","196","195","415"
77,"59.1%","60%","60.8%","60.8%","60.7%","61.9%","61.9%","62.5%","61.1%","68.5%","1,258","1,347","1,365","1,364","1,363","1,430","1,430","1,464","1,508","1,533"
78,"27.5%","27%","26.8%","26.8%","26.8%","32.9%","32.9%","32.9%","33%","26.7%","246","246","246","246","246","360","360","360","361","245"
79,"100%","100%","0%","0%","100%","100%","100%","100%","100%","100%","679","518","0","0","679","679","679","679","679","519"
80,"46%","45.4%","45.4%","46%","1%","1%","1%","0.9%","0.7%","0%","540","528","528","540","12","12","12","12","12","0"
81,"98.7%","98.7%","98.7%","98.7%","98.7%","98.7%","98.7%","98.9%","98.9%","98.7%","448","448","448","460","460","460","460","541","541","464"
82,"74.2%","74.2%","76.8%","74.9%","75.5%","74.9%","74.9%","76.6%","81%","77.3%","669","669","871","870","895","870","870","888","1,159","911"
83,"22.1%","22.3%","22.7%","22.4%","22.6%","28.7%","28.7%","39.7%","39.7%","40.4%","65","65","66","66","67","86","86","120","119","111"
84,"10.3%","10.6%","10.8%","13.9%","15.3%","44.9%","44.9%","80.9%","82.1%","40.6%","28","28","26","32","40","149","149","543","544","69"
85,"100%","100%","100%","100%","100%","100%","100%","100%","100%","100%","776","771","769","767","763","754","754","762","767","758"
86,"100%","100%","100%","100%","99.7%","99.8%","99.8%","99.8%","99.8%","99.8%","993","1,116","1,116","1,116","1,113","2,271","2,271","2,271","2,344","2,490"
87,"100%","100%","100%","100%","100%","100%","100%","100%","100%","100%","684","682","681","682","696","720","720","718","719","647"
88,"100%","100%","100%","100%","100%","100%","100%","100%","100%","100%","474","469","466","475","483","481","481","540","601","460"
89,"0%","0%","0%","0%","0.4%","0%","0%","0%","0%","0%","0","0","0","0","2","0","0","0","0","0"
90,"99.9%","99.9%","99.9%","99.9%","99.8%","100%","100%","100%","100%","100%","827","827","827","827","827","827","827","827","830","824"
91,"0.2%","1.8%","1.8%","1.8%","1.3%","34.1%","34.1%","32.7%","32.7%","32.7%","2","15","15","15","11","286","286","274","274","274"
92,"0%","0%","0%","0%","0%","0%","0%","12.4%","12.4%","17.3%","0","0","0","0","0","0","0","241","241","241"
93,"0%","0%","0%","0%","0%","0%","0%","0%","0%","0%","0","0","0","0","0","0","0","0","0","0"
94,"99.2%","65.2%","99.2%","99.2%","98.9%","99.2%","99.2%","99.8%","99.3%","99%","376","247","375","375","373","374","374","546","548","377"
95,"1.3%","1.3%","1.3%","1.3%","1.3%","1.5%","1.5%","75%","75%","93.3%","9","9","9","9","9","10","10","505","505","627"
96,"0%","0%","0%","0%","0%","0%","0%","0%","0%","0%","0","0","0","0","0","0","0","0","0","0"
97,"57.8%","58%","58%","85.8%","86%","87.7%","87.7%","90.9%","90.9%","89.3%","896","902","902","1,354","1,381","1,626","1,626","1,685","1,685","1,406"
98,"18.7%","18.3%","17.7%","17.7%","19%","29.5%","29.5%","26.9%","31%","24.4%","173","173","173","176","216","379","379","379","473","287"
99,"100%","99.7%","100%","100%","99.7%","100%","100%","100%","100%","100%","645","643","645","645","643","645","645","650","660","644"
100,"99%","99%","99%","99%","99%","99%","99%","99.1%","99.3%","99.3%","694","694","692","690","692","691","691","693","701","695"
101,"4.5%","4.5%","4.5%","4.5%","5.1%","5.5%","5.5%","19.5%","19.5%","5%","33","33","33","33","37","40","40","142","142","36"
102,"48.8%","48.7%","48.8%","48.8%","51%","49.3%","49.3%","89.6%","89.6%","89.1%","255","255","256","256","268","262","262","480","482","466"
103,"1.5%","1.5%","1.5%","1.5%","2.3%","0.9%","0.9%","5%","4.5%","1%","7","7","7","7","11","7","7","40","40","5"
105,"92%","98.7%","98.9%","99%","100%","100%","100%","100%","100%","100%","483","625","775","859","961","1,000","1,000","998","998","835"
106,"1.6%","1.6%","1.6%","1.6%","1.6%","1.6%","1.6%","1.5%","100%","100%","12","12","12","12","12","12","12","11","718","648"
107,"40.2%","40.2%","63.9%","63.9%","63.7%","63.7%","63.7%","63.6%","63.6%","38.8%","431","431","431","431","415","414","414","414","414","414"
108,"34.2%","34.2%","34.1%","34.2%","34.2%","33.5%","33.5%","39.2%","54%","49.6%","187","188","187","188","188","182","182","233","320","267"
109,"29.5%","28%","26.9%","3.9%","4%","11.9%","11.9%","13.2%","13.5%","14.9%","257","256","255","38","39","141","141","162","166","140"
110,"33.6%","33.7%","33.5%","33.4%","33.5%","19.7%","19.7%","18.4%","18.1%","33.7%","255","255","255","254","254","254","254","254","254","252"
111,"0%","0%","0%","0%","0%","0%","0%","0%","0%","0%","0","0","0","0","0","0","0","0","0","0"
112,"22.3%","21.9%","20.7%","19.1%","18.7%","27.5%","27.5%","33.3%","31.4%","31.5%","120","121","121","121","121","176","176","232","232","202"
113,"28.7%","27.8%","27.3%","26.4%","26.2%","38.7%","38.7%","33.5%","36.8%","40.1%","395","395","395","393","394","646","646","606","710","653"
114,"54.2%","54.7%","56.5%","93.2%","94.5%","94.8%","94.8%","95.9%","95.7%","95.2%","231","232","249","411","495","421","421","444","450","399"
115,"18.1%","20.5%","19.8%","19.8%","19.8%","18.9%","18.9%","23.9%","23.8%","24.3%","313","371","364","364","364","362","362","457","457","468"
116,"16%","14.5%","15%","25.2%","24.3%","18.4%","18.4%","26.4%","25.9%","22.7%","191","179","189","333","334","342","342","633","795","297"
117,"1.1%","1.4%","1.4%","1.4%","4.1%","18.1%","18.1%","19.5%","30.8%","22.8%","16","21","21","20","64","329","329","376","596","355"
118,"78.6%","76.8%","75.9%","71.3%","73.9%","67%","67%","73.6%","73.6%","69%","327","327","328","316","328","296","296","326","326","298"
119,"91.2%","91.6%","91.6%","91.6%","93.1%","62.2%","62.2%","60.8%","61%","99.8%","427","428","428","428","434","509","509","534","539","460"
120,"100%","100%","100%","100%","100%","100%","100%","100%","100%","100%","594","598","579","584","611","586","586","595","629","590"
121,"52.6%","52.5%","52.7%","52.7%","54.7%","56.6%","56.6%","66.9%","66.9%","52.5%","434","434","434","435","452","507","507","792","792","431"
122,"--","--","--","--","--","--","--","--","--","--","0","0","0","0","0","0","0","0","0","0"
123,"91.6%","91.7%","91.7%","89.9%","93.1%","90%","90%","90%","90.1%","94.8%","998","998","998","978","1,013","978","978","978","978","1,028"
124,"100%","100%","100%","100%","94%","100%","100%","100%","100%","100%","890","890","888","885","832","1,058","1,058","1,036","1,220","879"
125,"41.8%","41.2%","80.9%","82.9%","82.5%","79.1%","79.1%","74.6%","73.7%","81.1%","438","440","868","987","1,013","1,021","1,021","1,096","1,145","888"
126,"100%","100%","100%","100%","100%","100%","100%","100%","100%","100%","189","251","290","343","417","608","608","666","683","358"
127,"0%","0.4%","0.4%","0.4%","87.1%","87.1%","87.1%","87.1%","87.1%","84.9%","0","4","4","4","979","974","974","973","972","826"
128,"87.3%","87.9%","87.9%","87.6%","99.9%","99%","99%","98.8%","98.8%","98.4%","911","917","916","893","1,017","1,007","1,007","1,009","994","751"
129,"49.4%","49.3%","49.3%","49.4%","49.4%","86.3%","86.3%","86.5%","86.5%","88.3%","429","428","428","429","429","750","750","752","752","767"
130,"11.2%","13.4%","13.4%","13.4%","14.5%","10.3%","10.3%","9.5%","9.2%","12.9%","85","103","103","103","121","105","105","107","107","100"
131,"56.2%","54.2%","53.6%","53.7%","48.8%","50.4%","50.4%","50.4%","50.4%","48.7%","424","429","430","431","392","418","418","418","418","390"
132,"100%","100%","100%","100%","100%","97.1%","97.1%","100%","100%","100%","279","281","281","279","275","271","271","284","287","245"
133,"85.3%","85.3%","85.5%","85.6%","89.4%","90.8%","90.8%","100%","100%","100%","535","534","536","537","491","564","564","620","697","616"
134,"91.5%","91.5%","91.5%","100%","100%","100%","100%","100%","100%","100%","411","411","411","449","449","477","477","478","480","443"
135,"0%","0%","0%","0%","67.4%","100%","100%","100%","100%","100%","0","0","0","0","374","654","654","654","782","555"
136,"38.1%","37.6%","37%","50.2%","49.9%","51.5%","51.5%","50.3%","48%","52.3%","301","303","304","415","421","442","442","449","456","430"
137,"0.9%","0.7%","0.7%","0.7%","0%","1.7%","1.7%","1.6%","1.1%","1.5%","5","4","4","4","0","9","9","9","6","8"
138,"86.5%","86.9%","86.9%","86.4%","85.1%","79.1%","79.1%","92%","92.1%","90.1%","217","218","218","216","212","201","201","275","278","219"
139,"55.1%","55.6%","73.2%","64.8%","64.9%","58.5%","58.5%","57.8%","57.9%","72.5%","364","367","483","428","427","327","327","324","329","470"
140,"36.7%","35.1%","35%","46.6%","50%","88.8%","88.8%","89.5%","88.1%","87.8%","394","377","376","501","538","1,035","1,035","1,107","1,124","927"
141,"17.7%","17.9%","17.8%","21.9%","57.6%","22.4%","22.4%","22.2%","22.8%","21.6%","61","61","61","74","194","72","72","72","74","70"
142,"4.3%","4.3%","4.3%","4.3%","4.3%","100%","100%","100%","100%","100%","56","56","56","56","56","1,331","1,331","1,359","1,360","1,295"
143,"25.6%","25.6%","25.9%","26.1%","25.6%","30.9%","30.9%","31%","30.8%","25.6%","159","159","160","162","161","209","209","210","208","160"
144,"0%","0%","0%","0%","0%","0%","0%","0%","0%","0%","0","0","0","0","0","0","0","0","0","0"
145,"59.6%","59.9%","59.9%","59.9%","60%","96.9%","96.9%","96.9%","96.9%","96.9%","385","387","387","387","388","627","627","627","627","626"
146,"30.6%","30.6%","30.9%","33.1%","33.1%","34.1%","34.1%","34.1%","34.3%","34.1%","202","202","206","230","230","237","237","237","237","237"
147,"5.7%","8.4%","9.4%","12.5%","9%","11.1%","11.1%","9%","9%","9.4%","60","90","102","129","101","124","124","101","101","104"
148,"57.7%","76.3%","76.3%","76.3%","77%","77.6%","77.6%","77.5%","77.4%","76.3%","543","718","717","718","746","771","771","770","764","719"
149,"58.5%","62.1%","62.1%","62%","62%","63.6%","63.6%","64.2%","64.2%","62%","240","278","278","277","277","297","297","303","305","276"
150,"45%","45%","45%","46%","59.7%","44.6%","44.6%","43.1%","43.1%","46.6%","306","306","306","313","407","330","330","353","355","321"
151,"91.5%","84.3%","90.7%","79.5%","78.8%","89.6%","89.6%","96.7%","96.7%","97.5%","1,029","947","1,020","1,021","1,020","1,047","1,047","1,129","1,131","1,095"
152,"8.8%","15.3%","15.3%","15.3%","14.7%","18.8%","18.8%","19.6%","19.6%","18.8%","26","45","45","45","44","61","61","66","67","54"
153,"0%","0%","0%","0%","0%","1.8%","1.8%","1.9%","1.8%","2.5%","0","0","0","0","0","22","22","30","30","30"
154,"11.9%","11.9%","11.9%","11.9%","11.8%","31.3%","31.3%","37.2%","37.3%","51.1%","136","136","136","136","135","360","360","446","447","581"
155,"0%","0%","0%","0%","0%","0.4%","0.4%","28.1%","40%","28.2%","0","0","0","0","0","5","5","399","977","385"
156,"55.8%","55.4%","53.5%","53.2%","52.3%","62.8%","62.8%","65.7%","64.7%","64.3%","650","669","670","670","675","889","889","1,004","1,023","828"
157,"95.9%","59.4%","59.7%","30.9%","64.2%","66.7%","66.7%","73.3%","78.4%","13.3%","375","171","172","87","179","374","374","520","687","27"
158,"49.7%","49.8%","49.8%","49.8%","50.7%","50.2%","50.2%","50.7%","50.7%","49.7%","640","641","641","652","669","661","661","679","679","646"
159,"100%","100%","100%","100%","100%","100%","100%","100%","100%","100%","381","389","397","419","421","423","423","523","536","389"
160,"83%","83%","83.1%","83.1%","80.5%","84.6%","84.6%","84.5%","84.2%","83.4%","918","919","919","919","889","969","969","975","981","914"
161,"26.5%","26.8%","26.8%","27.1%","28.6%","100%","100%","100%","100%","100%","299","304","304","308","332","1,176","1,176","1,179","1,179","688"
162,"96.7%","96.7%","96.7%","96.7%","97.6%","96.8%","96.8%","96.3%","96.3%","96%","677","673","673","673","678","672","672","723","721","664"
163,"100%","100%","100%","100%","100%","100%","100%","100%","100%","100%","540","544","528","522","837","880","880","912","938","591"
164,"78.1%","77.2%","77.5%","77.4%","75.8%","78.1%","78.1%","79.2%","88.3%","79.2%","1,417","1,346","1,368","1,365","1,265","1,423","1,423","1,450","1,449","1,450"
165,"18.6%","18.6%","18.6%","18.4%","18.8%","18.4%","18.4%","18.4%","96.1%","95.4%","169","169","169","167","171","167","167","167","1,030","870"
166,"0%","3.3%","3.4%","3.3%","3.3%","3.4%","3.4%","3.1%","3.1%","3.4%","0","18","18","18","18","18","18","18","18","18"
167,"0%","100%","100%","100%","100%","100%","100%","100%","100%","100%","0","361","359","360","361","360","360","440","449","371"
168,"2.8%","52.8%","52.7%","52.8%","68.1%","67.8%","67.8%","68.4%","68.6%","68.5%","18","334","334","334","431","429","429","433","436","432"
169,"59.2%","62.3%","62.9%","66.1%","70.5%","75.3%","75.3%","75.3%","75.4%","73%","462","493","539","620","711","909","909","908","912","807"
170,"76.3%","76.3%","76.2%","76.2%","76.5%","76.7%","76.7%","76.7%","76.8%","76.6%","481","482","481","481","488","491","491","491","492","491"
171,"0%","0%","0%","0%","0%","0%","0%","0%","0%","0%","0","0","0","0","0","0","0","0","0","0"
172,"78.4%","78%","77.7%","77.8%","77.8%","95.6%","95.6%","95.8%","96.4%","95%","871","884","884","884","889","1,688","1,688","1,773","2,060","1,461"
173,"16.1%","15.6%","15.1%","98.3%","98.4%","99.3%","99.3%","99.3%","99.3%","99%","63","63","63","417","419","419","419","417","430","415"
174,"19.9%","19.9%","19.9%","19.8%","20%","20.2%","20.2%","19.3%","16.8%","14.9%","125","125","125","124","124","121","121","229","240","122"
175,"27.1%","27%","27%","27.1%","26%","25.7%","25.7%","25.9%","25.4%","25.8%","185","186","186","186","180","178","178","179","179","177"
176,"9.6%","9.6%","9.7%","9.7%","9.7%","9.7%","9.7%","9.7%","9.7%","9.7%","112","112","113","113","113","113","113","113","113","113"
177,"0%","0%","0%","0%","0%","0%","0%","0%","0%","0%","0","0","0","0","0","0","0","0","0","0"
178,"0.8%","0.7%","0.6%","0.7%","0.1%","4%","4%","6.3%","5.4%","1.8%","8","8","8","9","2","78","78","161","161","27"
179,"36.2%","36.1%","36.5%","36.7%","31.9%","30.9%","30.9%","30.2%","30.1%","36.9%","241","241","241","241","250","245","245","240","240","235"
180,"65.8%","65.1%","66.2%","84.2%","84.7%","84.9%","84.9%","85%","85%","84.9%","318","328","344","447","450","457","457","459","459","443"
181,"64%","64.7%","64.9%","66.8%","65.1%","66.7%","66.7%","66.4%","66.5%","66.4%","791","817","822","848","827","846","846","842","842","840"
182,"100%","100%","100%","100%","100%","100%","100%","100%","100%","100%","268","268","268","268","268","268","268","268","270","270"
183,"87.2%","87.2%","87.4%","87.5%","88.3%","89%","89%","88.3%","89.7%","90.1%","307","306","306","307","310","308","308","308","313","311"
184,"99%","89.6%","89.6%","89.3%","97.3%","89.5%","89.5%","90.6%","91.4%","90.5%","683","619","617","611","677","603","603","629","641","545"
185,"0%","0%","0%","0%","0%","33.7%","33.7%","33.7%","33.7%","6.5%","0","0","0","0","0","461","461","461","461","78"
186,"88.1%","88.4%","88.4%","90.1%","89.8%","89.9%","89.9%","89.8%","89.8%","89.6%","727","731","732","749","750","749","749","750","751","748"
187,"23%","76.8%","23%","23%","76.8%","76.8%","76.8%","76.7%","76.7%","76.7%","93","311","93","93","311","311","311","310","310","310"
188,"58.4%","58.4%","58.1%","58.4%","55.2%","52.7%","52.7%","50.8%","45.3%","56.5%","424","426","425","426","426","434","434","433","515","419"
189,"0%","0%","0%","0%","0%","0%","0%","0%","0%","0%","0","0","0","0","0","0","0","0","0","0"
190,"0%","0%","0%","0%","0%","48.8%","48.8%","63.4%","63.2%","62.1%","0","0","0","0","0","179","179","241","242","231"
191,"0%","0%","0%","0%","0%","0%","0%","77.6%","91.8%","91.9%","0","0","0","0","0","0","0","742","879","841"
192,"74.6%","72.6%","34.9%","35.1%","63.4%","71.1%","71.1%","74.8%","76.2%","74.4%","678","691","359","389","761","895","895","1,070","1,161","891"
193,"36.4%","36.3%","36.3%","36.4%","36%","28.6%","28.6%","27.8%","27.3%","37%","207","206","206","206","206","206","206","206","221","220"
194,"37.1%","37.4%","37.5%","37.7%","37.3%","57.6%","57.6%","58.3%","58.4%","58.3%","373","376","380","392","408","647","647","668","670","605"
195,"0%","0%","0%","0%","0%","0%","0%","0%","0%","0%","0","0","0","0","0","0","0","0","0","0"
196,"81%","80.7%","81%","81.4%","11.7%","86.2%","86.2%","88.1%","90%","97.8%","583","586","598","607","87","716","716","808","896","795"
197,"30.8%","95%","95%","95%","96.5%","96.7%","96.7%","96.2%","95.8%","96.7%","306","943","943","943","958","959","959","960","962","957"
198,"23.7%","23.3%","23.3%","23.7%","23.5%","91.5%","91.5%","91.6%","91.6%","55.1%","191","190","190","194","194","472","472","477","480","450"
199,"60.8%","62%","62%","62%","49.2%","66.2%","66.2%","66.2%","66.3%","63.1%","762","804","804","804","637","876","876","879","885","877"
200,"100%","100%","100%","100%","100%","100%","100%","100%","100%","100%","235","240","240","425","425","575","575","730","703","446"
201,"53.2%","53.2%","53.3%","54.9%","52.9%","53.4%","53.4%","53.1%","53%","54.7%","615","615","615","637","622","637","637","633","633","633"
202,"94.7%","94.5%","94.7%","98.5%","98.5%","98.4%","98.4%","98.3%","98.3%","98.4%","676","675","675","702","702","698","698","700","702","698"
203,"0%","0%","0%","0%","0%","0%","0%","0%","0%","0%","0","0","0","0","0","0","0","0","0","0"
204,"0.6%","0.6%","0.6%","1.2%","2.8%","68.8%","68.8%","69%","69%","70.3%","4","4","4","8","19","464","464","464","464","453"
205,"16.9%","16.8%","18.1%","18.9%","19.2%","18.5%","18.5%","17.1%","16.8%","19.6%","52","52","57","60","62","64","64","64","68","62"
206,"14.7%","14.7%","14.7%","14.7%","14.7%","14.7%","14.7%","14.7%","14.7%","14.7%","83","83","83","83","83","83","83","83","83","83"
207,"0%","0%","0%","0%","0%","0%","0%","100%","100%","100%","0","0","0","0","0","0","0","1,913","1,912","1,847"
208,"12.6%","12.9%","13.1%","13.3%","13.3%","13.2%","13.2%","13.1%","13.7%","14%","91","95","96","97","100","93","93","91","96","97"
209,"10.5%","14.5%","13%","12.8%","12.6%","11.1%","11.1%","86.4%","95%","95.4%","112","167","187","190","190","194","194","1,508","1,743","1,397"
210,"9%","9%","7.6%","7.6%","7.5%","7.4%","7.4%","7.4%","7.3%","7.6%","114","114","114","114","114","114","114","114","114","114"
211,"0%","0%","0%","0%","0%","0%","0%","0%","9.2%","48.2%","0","0","0","0","0","0","0","0","82","422"
212,"98.2%","98.2%","98.2%","98.2%","98.8%","98.8%","98.8%","99%","99.2%","99.8%","490","490","490","490","493","488","488","489","627","610"
213,"29.7%","29.9%","31.2%","31.9%","32.1%","38.8%","38.8%","29.5%","29.2%","35.4%","186","188","188","188","189","181","181","176","210","222"
215,"57.8%","58.1%","58.2%","58.6%","55.9%","58.7%","58.7%","58.5%","59.1%","58.1%","188","190","191","194","186","192","192","193","198","186"
216,"9.1%","9.2%","9.1%","8.9%","8.8%","8.9%","8.9%","8.8%","8.6%","9.2%","33","33","33","33","33","33","33","33","33","33"
217,"14.4%","14.7%","14.6%","14.5%","15.4%","14.3%","14.3%","14.1%","14.1%","14.4%","72","74","74","73","79","72","72","71","72","72"
218,"98%","98%","97.8%","97.8%","98%","99.7%","99.7%","99.8%","99.8%","99.9%","1,201","1,202","1,050","1,049","1,202","1,068","1,068","1,070","1,239","1,217"
219,"39.2%","39%","64%","64.9%","72.7%","72.9%","72.9%","72.7%","72.7%","51.1%","307","307","628","646","728","733","733","1,057","1,059","781"
220,"30.4%","30.5%","30.5%","30.5%","30.5%","30.6%","30.6%","30.4%","30.3%","30.2%","201","201","201","201","201","201","201","200","199","199"
221,"98.3%","98.3%","98.9%","100%","100%","100%","100%","100%","100%","100%","981","1,007","1,163","1,179","1,181","1,181","1,181","1,183","1,192","1,180"
222,"0%","0%","0%","0%","0%","66.2%","66.2%","64.9%","64.9%","69.4%","0","0","0","0","0","471","471","471","471","470"
223,"87%","87.6%","87.7%","87.8%","99.1%","98.6%","98.6%","97.9%","97.9%","98.3%","587","591","585","577","650","650","650","644","641","644"
224,"100%","100%","100%","100%","100%","100%","100%","100%","100%","100%","1,072","1,072","1,072","1,072","1,072","1,070","1,070","1,070","1,070","1,067"
225,"83.1%","27.6%","27.6%","81.7%","81.4%","83.8%","83.8%","83.8%","83.9%","27.6%","449","149","149","451","441","450","450","450","452","149"
226,"53.8%","53.8%","53.8%","54.1%","54.3%","54.2%","54.2%","54.2%","54.3%","53.6%","256","256","256","258","259","258","258","258","258","253"
227,"0%","0%","0%","0%","0%","0%","0%","0%","0%","0%","0","0","0","0","0","0","0","0","0","0"
228,"27.9%","28.7%","28.7%","28.7%","26.5%","10.7%","10.7%","6.9%","8.7%","26.6%","50","52","52","52","48","49","49","61","91","49"
229,"17.8%","16.2%","14.6%","13%","11.5%","21.7%","21.7%","22.6%","22.4%","11.5%","125","125","126","124","123","277","277","435","435","128"
230,"100%","100%","100%","100%","100%","100%","100%","100%","100%","100%","1,234","1,234","1,233","1,232","1,231","1,452","1,452","1,165","1,166","1,159"
231,"62.2%","42.9%","41%","40.5%","41.7%","41.5%","41.5%","45.4%","61.2%","73.1%","454","471","454","454","469","466","466","837","1,227","798"
232,"0%","0%","0%","0%","0%","0%","0%","0%","0%","0%","0","0","0","0","0","0","0","0","0","0"
233,"97.2%","97.2%","97.2%","97.2%","97.4%","98.1%","98.1%","98.1%","98.1%","97.8%","1,096","1,095","1,094","1,093","1,096","1,617","1,617","1,618","1,618","1,357"
234,"3.7%","3.6%","30.8%","43.2%","42.7%","56.2%","56.2%","60.6%","54%","43%","34","33","284","397","392","740","740","1,403","1,406","390"
235,"59.3%","64.6%","59.6%","59.1%","64.2%","65.7%","65.7%","65.7%","65.7%","65%","537","585","539","538","588","613","613","612","612","584"
236,"74.2%","74.5%","74.7%","74.8%","73.9%","71.6%","71.6%","71.8%","72.2%","75.4%","331","336","337","339","323","285","285","288","293","350"
237,"40.9%","41.2%","40.3%","42.5%","48.7%","44.5%","44.5%","45.6%","45.5%","42.5%","402","410","413","452","552","512","512","545","544","445"
238,"54.7%","54.6%","54.7%","50.5%","49%","51.9%","51.9%","62.1%","48.8%","50.6%","482","482","482","444","430","469","469","616","485","444"
240,"3%","61.9%","61.8%","61.8%","63.3%","77.5%","77.5%","77.2%","77.3%","72.7%","27","550","549","549","560","889","889","899","904","670"
241,"62.7%","62.6%","62.7%","62.7%","63%","63.5%","63.5%","63.5%","63.3%","63%","463","462","463","465","473","479","479","479","477","467"
242,"63.4%","63.8%","64.5%","64.4%","64.4%","64.4%","64.4%","65%","66.1%","64.8%","312","317","327","326","326","326","326","329","366","327"
243,"0%","0%","0%","0%","0%","0%","0%","0%","0%","0%","0","0","0","0","0","0","0","0","0","0"
244,"10%","10%","9.9%","9.9%","10%","9.8%","9.8%","56.6%","68.1%","68.8%","69","69","69","69","69","68","68","396","477","477"
245,"98.8%","98.6%","98.8%","98.8%","99.4%","98.9%","98.9%","99.4%","78.9%","99.5%","638","637","638","638","642","637","637","636","667","641"
246,"99.7%","99.6%","99.7%","99.8%","97.8%","99.8%","99.8%","99.8%","99.8%","99.8%","1,202","1,201","1,202","1,203","1,178","1,200","1,200","1,199","1,199","1,201"
247,"0%","0%","0%","0%","0%","0%","0%","0%","0%","0%","0","0","0","0","0","0","0","0","0","0"
248,"100%","100%","100%","100%","100%","100%","100%","100%","100%","100%","836","836","836","836","836","634","634","634","634","784"
249,"100%","100%","100%","100%","100%","100%","100%","100%","100%","100%","531","531","531","531","531","522","522","522","522","520"
250,"0%","0%","0%","0%","0%","0%","0%","0%","0%","0%","0","0","0","0","0","0","0","0","0","0"
251,"37.2%","39.3%","39.6%","39.6%","42.5%","43.7%","43.7%","43.7%","43.7%","43.6%","239","262","266","267","293","309","309","309","309","294"
252,"83.9%","84%","84%","84%","85.2%","84.8%","84.8%","83.2%","83.3%","85.1%","287","288","289","289","293","295","295","302","305","292"
253,"100%","99.9%","99.9%","99.9%","99.4%","100%","100%","100%","100%","99.9%","865","865","865","865","861","980","980","978","1,192","862"
254,"9.7%","9.7%","5.6%","5.1%","4.9%","4.3%","4.3%","36.1%","65.4%","53.8%","32","32","32","32","32","32","32","403","1,192","394"
255,"28.7%","28.7%","28.7%","28.7%","38%","38.4%","38.4%","38.6%","37.6%","38.3%","353","353","353","353","542","549","549","563","563","545"
256,"1.6%","2%","3.9%","3.9%","3.9%","25%","25%","26.3%","24.1%","21.9%","17","23","48","53","66","806","806","1,051","1,069","275"
257,"99.2%","99.2%","99.3%","88.4%","85%","84.2%","84.2%","84.2%","84.3%","82.9%","1,415","1,449","1,446","1,447","1,449","1,731","1,731","1,733","1,734","1,448"
258,"38.4%","38.3%","39.1%","41.5%","43.3%","67.8%","67.8%","73.6%","73.5%","66.8%","387","386","403","446","487","761","761","994","994","713"
259,"69.5%","69.4%","69.4%","73%","53.7%","75.6%","75.6%","82.9%","70.2%","68.3%","683","681","681","716","528","819","819","900","767","673"
260,"59.8%","59.7%","59.4%","59.5%","54.1%","53.3%","53.3%","53.1%","53.2%","59.8%","747","747","746","746","678","744","744","746","751","743"
261,"100%","100%","100%","100%","100%","100%","100%","100%","100%","100%","860","860","860","861","862","861","861","861","861","861"
262,"11.1%","11.1%","11.1%","11.1%","11.7%","11.2%","11.2%","11.1%","11.1%","11%","137","137","137","137","144","138","138","139","139","136"
263,"56.8%","57.5%","57.4%","55.3%","59.1%","56.3%","56.3%","56.6%","56.5%","55.6%","588","604","610","589","635","617","617","620","618","591"
264,"100%","100%","100%","100%","100%","100%","100%","100%","100%","100%","946","965","975","994","995","995","995","995","997","991"
265,"79.1%","79.2%","79.3%","79.3%","79.8%","79.6%","79.6%","79.6%","79.6%","100%","432","433","434","434","438","438","438","438","438","549"
266,"26.8%","26.7%","26.7%","25.4%","24.7%","41.9%","41.9%","41.9%","69.5%","70%","282","282","282","282","282","487","487","486","837","770"
267,"45.5%","45.1%","44.9%","45.1%","51.1%","52.8%","52.8%","53.1%","51.3%","52.6%","718","720","722","743","880","974","974","981","977","869"
268,"80.7%","85.1%","85%","85.1%","87.9%","85.7%","85.7%","82.1%","82.1%","81.9%","562","592","591","592","612","598","598","577","577","572"
269,"6.8%","7%","6.9%","7%","5.2%","7.3%","7.3%","7.1%","7.2%","7.2%","82","84","83","85","64","91","91","88","90","88"
270,"100%","100%","100%","100%","100%","100%","100%","100%","100%","100%","598","598","598","598","598","598","598","598","598","598"
271,"100%","100%","100%","100%","100%","100%","100%","100%","100%","100%","448","448","448","446","445","445","445","445","446","442"
272,"100%","100%","100%","100%","100%","100%","100%","100%","100%","100%","780","780","780","780","780","780","780","780","838","837"
273,"0%","0%","0%","0%","0%","43.8%","43.8%","43.8%","43.5%","54.7%","0","0","0","0","0","417","417","417","417","415"
274,"100%","100%","100%","100%","100%","100%","100%","100%","100%","100%","554","554","554","554","554","554","554","554","554","555"
275,"98.1%","98.1%","98.1%","98.1%","98.1%","98.1%","98.1%","98.1%","98.1%","98.1%","878","878","878","878","878","877","877","878","886","867"
276,"73.2%","73.2%","73.2%","73.1%","74.6%","75.5%","75.5%","75.6%","75.9%","75.8%","489","489","489","489","499","503","503","504","507","505"
277,"43%","43.6%","47.4%","50.6%","52.2%","40.6%","40.6%","36.9%","37.8%","51.7%","259","290","351","401","426","454","454","471","531","419"
278,"100%","100%","100%","100%","100%","100%","100%","100%","100%","100%","852","852","852","852","852","869","869","1,013","1,013","938"
279,"69.4%","69.4%","69.4%","69.4%","69.4%","69.4%","69.4%","69.4%","69.4%","69.4%","604","604","604","604","604","604","604","604","604","604"
280,"0%","0%","0%","0%","0%","0%","0%","0%","0%","0%","0","0","0","0","0","0","0","0","0","0"
281,"30.1%","30.1%","30.1%","30.1%","30.1%","24.7%","24.7%","22.2%","22.2%","30.1%","145","145","145","145","145","145","145","145","145","145"
282,"10.4%","10.9%","10.7%","10.6%","15%","18.2%","18.2%","19.1%","63.5%","62.5%","52","55","55","57","82","99","99","106","353","333"
283,"58%","57.9%","57.9%","61.7%","71.1%","63.1%","63.1%","63.3%","68.5%","67.6%","610","608","608","650","749","666","666","679","740","706"
284,"0.7%","0.7%","0.7%","0.7%","0.3%","0.2%","0.2%","0.1%","0.5%","0.3%","2","2","2","2","2","2","2","2","8","2"
285,"0%","0%","0%","0%","0%","0%","0%","0%","0%","0%","0","0","0","0","0","0","0","0","0","0"
286,"0%","0%","0%","0%","0%","0%","0%","0%","0%","1.4%","0","0","0","0","0","0","0","0","0","1"
287,"77.9%","77.9%","77.2%","77.2%","77.5%","80.8%","80.8%","80.7%","95%","95.1%","960","960","938","937","957","1,151","1,151","1,151","1,393","1,391"
288,"23.4%","23.6%","23.5%","20.5%","23.2%","30.5%","30.5%","27%","86.3%","77.9%","228","234","234","204","232","304","304","337","1,076","687"
289,"31.8%","31.6%","54%","68.9%","68.8%","75.9%","75.9%","80.5%","81.2%","70%","410","408","704","904","938","1,347","1,347","2,010","2,106","967"
290,"1.4%","45.7%","46%","45.9%","12.9%","1.9%","1.9%","23.7%","0.2%","2.7%","6","190","189","189","33","6","6","356","4","4"
291,"96.4%","96.4%","96.4%","96.4%","96.7%","96.4%","96.4%","96.3%","96.3%","96.3%","962","962","962","962","965","962","962","961","960","957"
292,"100%","100%","100%","100%","100%","100%","100%","100%","100%","100%","415","416","409","406","405","394","394","401","437","429"
293,"100%","100%","100%","100%","100%","100%","100%","100%","100%","100%","354","355","354","353","352","352","352","361","360","315"
294,"99.8%","99.8%","99.8%","99.8%","98.9%","99.8%","99.8%","100%","99.8%","100%","433","431","430","475","470","479","479","485","567","469"
295,"100%","100%","100%","100%","100%","100%","100%","100%","100%","100%","521","521","521","515","516","514","514","514","514","508"
296,"0%","0%","0%","0%","0%","0%","0%","0%","19.7%","35.2%","0","0","0","0","0","0","0","0","237","226"
297,"0%","0%","0%","0%","0%","12%","12%","12%","12%","12%","0","0","0","0","0","18","18","18","18","18"
298,"79.7%","79.7%","79.7%","79.7%","79.7%","79.7%","79.7%","79.7%","76.7%","76.9%","636","636","636","636","636","636","636","636","627","636"
299,"16.6%","12.6%","12.4%","11.8%","10.8%","23.2%","23.2%","23.3%","23.3%","25%","191","147","147","147","147","325","325","326","326","326"
300,"0%","0%","0%","0%","0.2%","80.2%","80.2%","80.2%","78.9%","78.5%","0","0","0","0","1","457","457","457","457","446"
301,"0%","0%","0%","0%","0%","5.7%","5.7%","5.1%","5.1%","5.2%","0","0","0","0","0","48","48","43","43","43"
302,"43.6%","43.6%","43.6%","43.6%","43.5%","43.6%","43.6%","43.6%","43.6%","43.5%","525","525","525","525","525","525","525","525","525","525"
303,"6.1%","6.1%","6.1%","6.1%","12.2%","12.2%","12.2%","12.2%","12%","6%","55","55","55","55","117","117","117","117","117","55"
304,"0%","0%","0%","0%","0%","0%","0%","0%","0%","0%","0","0","0","0","0","0","0","0","0","0"
305,"43.7%","43.7%","43.6%","41.1%","59.7%","79.6%","79.6%","77.9%","78.3%","91.6%","179","179","178","168","244","398","398","408","418","373"
306,"98.6%","98.3%","98.8%","99.3%","99.2%","99.2%","99.2%","99.2%","99.2%","76.3%","355","350","407","408","482","498","498","487","486","344"
307,"0%","0%","4.3%","4.3%","4.3%","4.4%","4.4%","3.8%","3.8%","3.8%","0","0","62","62","62","62","62","58","58","55"
308,"69.6%","69.9%","69.9%","69.9%","61.8%","95.7%","95.7%","95.7%","95.7%","95.7%","335","346","346","346","306","473","473","472","472","473"
309,"35.4%","35.2%","35.7%","35.8%","35.8%","35.4%","35.4%","35.5%","35.5%","36.9%","212","215","220","221","221","250","250","251","251","233"
310,"14.3%","14.6%","14.8%","14.8%","18.1%","14.8%","14.8%","15.6%","15.3%","15.3%","117","120","122","122","149","122","122","129","129","129"
311,"100%","100%","100%","100%","100%","100%","100%","100%","100%","100%","581","577","573","571","569","565","565","571","580","564"
312,"90.4%","90.4%","90.5%","90.5%","90.5%","90.8%","90.8%","91.2%","91.2%","90.8%","564","563","563","563","564","564","564","567","568","565"
313,"16.5%","16.5%","16.5%","4%","17.9%","3.8%","3.8%","2.8%","2.8%","4.1%","95","95","95","23","103","22","22","22","22","24"
314,"96.3%","96.3%","96.2%","92.4%","95.3%","100%","100%","100%","100%","100%","913","913","898","860","892","944","944","946","943","928"
315,"100%","84.1%","84.1%","84.3%","93.7%","96.1%","96.1%","96.1%","96.1%","82.9%","395","333","334","339","931","1,292","1,292","1,323","1,322","321"
316,"91.3%","91.3%","91.3%","91.8%","92.5%","93.5%","93.5%","99.9%","99.9%","99.9%","1,323","1,323","1,323","1,330","1,340","1,340","1,340","1,431","1,432","1,431"
317,"100%","100%","100%","100%","100%","100%","100%","100%","100%","100%","305","305","308","308","308","308","308","311","313","298"
318,"8.7%","8.7%","8.8%","7.9%","7.9%","8%","8%","8.2%","31%","12.5%","60","60","61","61","61","62","62","63","303","96"
319,"24.9%","24.9%","24.6%","24.1%","24.7%","49.5%","49.5%","67.5%","67%","68.6%","270","270","266","261","266","801","801","1,123","1,129","743"
320,"100%","100%","100%","100%","100%","100%","100%","100%","100%","100%","476","467","446","445","452","450","450","451","449","411"
321,"100%","100%","100%","100%","100%","100%","100%","100%","100%","100%","473","477","478","476","479","471","471","522","512","475"
322,"1.9%","1.9%","1.9%","1.9%","2.6%","1.9%","1.9%","1.9%","6.6%","6.6%","8","8","8","8","11","8","8","8","28","28"
323,"8.1%","8.1%","8.1%","8.1%","8.3%","8.6%","8.6%","8.6%","8.6%","8.3%","72","72","72","72","74","77","77","77","77","74"
324,"11.2%","11%","11.3%","11.3%","11.3%","11.7%","11.7%","21.3%","80.9%","77.6%","66","65","67","67","67","70","70","146","593","458"
325,"16.5%","17.2%","17.2%","17.2%","43.9%","42.9%","42.9%","44.9%","44.8%","45.5%","185","194","194","194","496","490","490","515","517","513"
326,"100%","100%","100%","100%","100%","100%","100%","100%","100%","100%","411","410","411","410","410","411","411","411","410","398"
327,"42.3%","42.3%","42.3%","42.3%","41.4%","34.5%","34.5%","28.4%","28.6%","33%","265","265","265","265","259","262","262","264","266","262"
328,"16.5%","16.5%","16.5%","16.6%","16.7%","16.1%","16.1%","75.9%","69.2%","69.6%","63","63","63","63","63","60","60","284","377","259"
329,"59.1%","59%","59%","58.8%","58.5%","58.5%","58.5%","79.8%","50.1%","49.9%","450","448","447","449","449","447","447","610","385","379"
330,"18%","17.9%","17.8%","17.9%","17.9%","18.2%","18.2%","18.4%","18.7%","18%","133","133","137","138","138","138","138","139","142","138"
331,"11.5%","11.5%","11.5%","11.4%","29.8%","23%","23%","27.2%","34.7%","26.4%","80","80","80","81","273","357","357","454","804","195"
332,"0%","0%","0%","0%","0%","0%","0%","0%","0%","14.6%","0","0","0","0","0","0","0","0","0","104"
333,"6.2%","6.2%","6%","65.8%","50.8%","62.8%","62.8%","61.5%","62.3%","80.3%","64","64","64","700","571","705","705","705","715","850"
334,"100%","100%","100%","100%","100%","100%","100%","100%","100%","100%","356","356","356","356","356","356","356","356","356","356"
335,"5.1%","8.3%","8.9%","8.8%","11.9%","8.4%","8.4%","8.5%","8.1%","9.1%","54","91","99","99","133","100","100","107","107","105"
336,"20.4%","22%","23.2%","23.3%","23.3%","16.2%","16.2%","14.9%","17.6%","23.7%","367","411","442","445","446","444","444","456","557","458"
337,"1.1%","1.1%","1.1%","8.8%","8.2%","48.2%","48.2%","44.4%","44.4%","44.8%","8","8","8","66","61","362","362","337","337","330"
338,"38.9%","30.7%","30.7%","28.6%","28.4%","53.4%","53.4%","53.5%","49.5%","29.2%","410","410","410","371","366","1,025","1,025","1,027","1,290","362"
339,"48%","55.4%","58.7%","62.5%","62.9%","100%","100%","100%","100%","100%","458","609","696","838","843","1,418","1,418","2,107","2,447","1,258"
343,"100%","100%","100%","100%","100%","100%","100%","100%","100%","100%","844","858","861","860","1,076","1,058","1,058","1,168","1,511","759"
344,"100%","100%","100%","100%","100%","100%","100%","100%","100%","100%","752","787","794","839","850","847","847","847","890","886"
345,"88.1%","88.1%","88.1%","89.4%","86.6%","88.4%","88.4%","61.9%","58.7%","63.3%","333","333","334","339","329","335","335","337","348","338"
346,"80.6%","79.8%","80.7%","81%","80%","79.8%","79.8%","79.7%","79.5%","80%","850","842","852","855","845","841","841","841","842","843"
347,"100%","100%","100%","100%","100%","100%","100%","100%","100%","100%","347","347","345","348","355","404","404","475","606","324"
348,"74.8%","74.8%","74.9%","74.6%","71.7%","74.5%","74.5%","70.4%","69.4%","74.9%","960","961","962","965","929","969","969","973","976","962"
349,"4.6%","4.6%","4.6%","5.4%","5.6%","6.9%","6.9%","4.7%","4.7%","13.8%","36","36","36","36","36","36","36","36","36","36"
350,"7.3%","7.3%","7.3%","7.3%","8.9%","7.2%","7.2%","7.5%","7.3%","7.9%","55","55","55","55","66","54","54","56","56","58"
351,"80.7%","81.7%","81.9%","82.1%","83.8%","82.6%","82.6%","82.7%","82.8%","81.9%","334","358","361","367","379","385","385","386","389","367"
352,"78.8%","78.7%","78.7%","78.5%","78.5%","78.5%","78.5%","78.5%","78.5%","78.5%","899","899","899","897","897","896","896","896","896","897"
353,"46.6%","46.4%","46.5%","46.6%","45.6%","51.3%","51.3%","50.5%","57.9%","55%","463","465","466","466","456","552","552","563","765","543"
354,"67%","66.1%","66.1%","67%","66.1%","66.1%","66.1%","66.1%","66%","66%","678","669","669","678","669","669","669","669","669","669"
355,"8.3%","8.3%","8.3%","8.3%","8.4%","8.3%","8.3%","8.3%","7.7%","8.3%","87","87","87","87","88","88","88","88","88","88"
356,"6.8%","6.8%","6.8%","6.7%","6.6%","21.4%","21.4%","22.6%","22.2%","17.7%","128","128","128","127","127","436","436","467","461","342"
357,"98.4%","98.4%","98.4%","98.4%","98.5%","98.1%","98.1%","98.1%","98.1%","88.9%","1,378","1,417","1,416","1,423","1,432","1,252","1,252","1,213","1,210","1,047"
358,"23.4%","23.4%","20.9%","24.9%","31.5%","24%","24%","27%","42.3%","72.7%","350","350","348","350","614","657","657","733","1,149","997"
359,"25.5%","30.6%","30.8%","25.8%","26%","24.5%","24.5%","24.6%","24.1%","30.8%","271","324","328","275","278","276","276","277","276","326"
360,"0%","0%","0%","0%","0%","0%","0%","0%","6.5%","27.7%","0","0","0","0","0","0","0","0","161","421"
361,"94.2%","94.2%","95.6%","96.6%","47%","98.4%","98.4%","99.6%","99.6%","98.6%","425","425","570","729","405","1,558","1,558","1,890","2,108","619"
362,"100%","100%","100%","100%","100%","100%","100%","100%","81.4%","98.8%","1,311","1,309","1,303","1,299","1,298","1,299","1,299","1,299","1,301","1,047"
363,"83.5%","84.2%","84.2%","83%","98.4%","99.6%","99.6%","99.6%","99.7%","99.6%","1,009","1,016","1,015","995","1,201","1,146","1,146","1,169","1,177","1,169"
364,"87.4%","87.5%","87.5%","87.7%","87.7%","100%","100%","100%","100%","100%","981","1,000","1,005","1,014","1,034","1,055","1,055","1,055","1,054","1,107"
365,"60.1%","60.2%","60.2%","60%","61.5%","60.2%","60.2%","78%","77.9%","77.9%","496","497","497","494","504","491","491","637","635","634"
366,"61.1%","69.5%","68%","68%","67.7%","69%","69%","69.3%","69.7%","67.1%","270","319","300","299","298","281","281","282","287","275"
367,"100%","100%","100%","100%","100%","100%","100%","100%","100%","100%","2,735","2,724","3,094","3,097","3,127","3,473","3,473","3,469","3,644","3,304"
368,"61.8%","61.8%","61.7%","61.8%","56%","67.6%","67.6%","69.2%","69.2%","69.1%","732","732","731","732","663","799","799","817","817","818"
369,"84.7%","89.1%","89.2%","94%","91.8%","97.1%","97.1%","98.8%","98.3%","96.6%","431","418","415","423","412","431","431","1,019","1,035","339"
370,"99.9%","99.9%","99.9%","100%","100%","100%","100%","100%","100%","100%","1,235","1,216","1,218","1,219","1,237","1,213","1,213","1,222","1,359","1,281"
371,"90.5%","89.6%","90.5%","90.5%","91.2%","90.1%","90.1%","92.6%","93.1%","90.7%","2,041","2,020","2,039","2,039","2,054","2,018","2,018","2,661","2,857","2,017"
372,"19%","19.7%","18.9%","18.7%","19.5%","30.8%","30.8%","31.6%","40.3%","42.8%","832","867","833","833","868","1,377","1,377","1,559","1,986","1,972"
373,"40.7%","40.5%","40.7%","41.7%","41.9%","41.9%","41.9%","42.2%","42%","42.4%","451","449","453","462","471","471","471","475","472","449"
374,"99.8%","100%","100%","100%","100%","100%","100%","100%","100%","100%","1,135","1,138","1,137","1,137","1,140","1,050","1,050","1,054","1,067","1,114"
375,"8.8%","8.4%","8.5%","8.5%","14.8%","11.9%","11.9%","12.1%","12%","11.4%","76","73","74","74","138","107","107","107","106","98"
376,"28.3%","27.1%","26%","25.6%","25.7%","25.8%","25.8%","25.8%","25.7%","34.5%","411","394","394","388","389","389","389","391","393","520"
377,"0%","0%","0%","0%","0%","9.8%","9.8%","10.1%","11.5%","9.3%","0","0","0","0","0","204","204","210","244","192"
378,"100%","98.4%","97.2%","97.3%","97.7%","98%","98%","97.9%","98%","97.1%","2,114","2,110","2,108","2,107","2,337","2,880","2,880","2,959","2,971","2,102"
379,"9.3%","9.2%","9.2%","9%","7.9%","13.7%","13.7%","13.7%","14%","12.7%","122","122","122","122","107","187","187","187","192","170"
380,"2.3%","3.2%","3.2%","3.2%","3.2%","19.6%","19.6%","28.5%","28.4%","28.3%","43","58","58","58","59","363","363","529","529","518"
381,"96.3%","96.3%","80%","81.8%","99.8%","66.4%","66.4%","66.5%","66.5%","78.9%","1,682","1,681","1,656","1,652","1,976","1,989","1,989","1,991","1,992","1,345"
382,"100%","100%","100%","100%","100%","100%","100%","100%","100%","100%","933","931","915","916","924","898","898","907","957","815"
383,"63.4%","98.6%","98.6%","98.6%","98.6%","98.6%","98.6%","85.2%","85.2%","98.6%","1,008","1,568","1,568","1,568","1,568","1,587","1,587","1,396","1,399","1,571"
385,"81.2%","80.9%","81%","81%","79.9%","80.7%","80.7%","81%","81%","80.7%","1,635","1,609","1,608","1,601","1,579","1,602","1,602","1,627","1,634","1,576"
386,"100%","100%","100%","100%","100%","100%","100%","100%","100%","100%","847","845","841","828","870","1,145","1,145","1,247","1,569","1,002"
387,"97.6%","97.6%","97.6%","98.2%","98.2%","99.2%","99.2%","99.3%","99.4%","99.1%","924","922","920","923","918","871","871","1,069","1,254","903"
388,"94.8%","96.1%","96.1%","97.3%","96.7%","100%","100%","100%","100%","100%","784","937","947","1,410","1,424","1,556","1,556","1,687","2,159","1,181"
389,"80.4%","83.9%","83.7%","83.8%","87.4%","90.8%","90.8%","91%","91%","84.9%","2,868","2,991","2,992","2,990","3,221","2,975","2,975","3,004","3,009","2,990"
390,"22.2%","36.6%","35.2%","35.5%","38.4%","38.6%","38.6%","39%","39.6%","37.7%","175","286","276","279","307","339","339","348","355","301"
391,"70.9%","70.9%","70.9%","70.9%","67.3%","71.1%","71.1%","70.1%","70.1%","69.7%","688","688","688","688","653","689","689","680","679","677"
392,"87.4%","87.3%","87.6%","87.3%","87.1%","88.6%","88.6%","88.5%","88.6%","88.6%","3,523","3,568","3,581","3,606","3,616","3,415","3,415","3,396","3,459","3,514"
393,"59.4%","62.1%","63.4%","64.1%","63.1%","70.1%","70.1%","92.4%","93.6%","92.6%","1,739","1,741","1,700","1,705","1,675","2,712","2,712","3,818","3,919","2,716"
394,"47.4%","47.9%","47.8%","47.8%","47.9%","49%","49%","48.5%","48.6%","48%","680","692","690","688","691","698","698","703","697","656"
395,"44.6%","44.9%","44.9%","77%","87.5%","87%","87%","91.8%","92.1%","87%","296","298","297","512","818","801","801","1,169","1,218","799"
396,"0%","0%","0%","0%","0%","0%","0%","29.2%","28.9%","34%","0","0","0","0","0","0","0","348","359","349"
397,"100%","94.3%","90.8%","90.8%","90.8%","90.6%","90.6%","90.6%","90.6%","90.8%","921","1,024","1,024","1,023","1,023","1,005","1,005","1,005","1,005","1,026"
398,"100%","100%","100%","100%","100%","100%","100%","100%","100%","100%","384","397","415","424","428","453","453","453","453","422"
399,"100%","100%","100%","100%","100%","100%","100%","100%","100%","100%","1,030","1,036","1,057","1,085","1,095","828","828","828","828","1,094"
400,"53.1%","53.1%","53.1%","51.4%","55.3%","57.1%","57.1%","59%","58.9%","59.5%","468","468","468","454","491","506","506","525","524","525"
401,"35.6%","35.7%","35.8%","57.4%","52.2%","63.1%","63.1%","70.6%","70.4%","63%","292","294","295","472","430","518","518","726","726","515"
402,"0%","0%","38%","0.2%","0.2%","0.2%","0.2%","0.1%","0.1%","0.2%","0","0","217","1","1","1","1","1","1","1"
403,"0%","0%","0%","0%","1.1%","32.4%","32.4%","31.2%","30.8%","24%","0","0","0","0","8","283","283","288","291","172"
404,"84.7%","84.7%","84.8%","91.5%","93.3%","94.6%","94.6%","96.2%","96.5%","96.1%","720","719","723","780","794","787","787","805","882","795"
405,"81.2%","81.2%","81.2%","99.3%","100%","100%","100%","100%","100%","99.3%","1,118","1,120","1,120","1,369","1,386","1,407","1,407","1,433","1,433","1,374"
406,"37.5%","36%","35.4%","33.3%","39.8%","38.5%","38.5%","41.2%","44.3%","39.4%","307","306","306","307","425","387","387","414","466","363"
407,"39.5%","40.2%","41.1%","44.4%","37.9%","35.1%","35.1%","41.5%","41.9%","35.7%","277","285","294","322","280","258","258","326","343","247"
408,"0%","0%","0%","0%","0.2%","14.3%","14.3%","14.3%","13.9%","14.7%","0","0","0","0","2","162","162","164","164","162"
409,"59.7%","59.4%","59.3%","58.3%","59.9%","59.1%","59.1%","60.7%","60.3%","59.1%","617","620","620","614","639","639","639","656","656","608"
410,"98.8%","98.8%","98.8%","98.1%","99.3%","98.1%","98.1%","98.1%","98.2%","98.3%","988","987","989","980","993","979","979","985","1,034","1,014"
411,"1.1%","1.1%","1.1%","36%","41.7%","56.8%","56.8%","65.5%","100%","100%","7","7","7","223","261","357","357","412","749","778"
412,"0.8%","0.8%","0.8%","0.8%","0.8%","0.4%","0.4%","1.4%","1.1%","14.1%","2","2","2","2","2","1","1","4","5","35"
413,"14.4%","14.5%","14.5%","14.8%","14.4%","15.9%","15.9%","15.9%","16.7%","16.3%","175","176","176","180","175","192","192","193","205","199"
416,"96.9%","100%","100%","96.9%","96.9%","95.2%","95.2%","95.2%","95.2%","100%","865","893","893","865","865","687","687","687","694","899"
417,"70.9%","71.3%","65%","58.7%","59.1%","70.6%","70.6%","69.7%","70%","99.6%","462","464","467","465","485","646","646","670","688","667"
418,"63.2%","76.2%","76.2%","86.8%","86.8%","86.9%","86.9%","86.9%","87.2%","87.2%","740","892","892","1,017","1,017","1,019","1,019","1,019","1,050","1,046"
419,"10.1%","20.1%","20.2%","91.8%","94.6%","99.5%","99.5%","99.5%","99.5%","99.3%","96","192","192","875","911","1,044","1,044","1,044","1,047","959"
420,"47.9%","48.6%","48.8%","60.3%","60.6%","61.3%","61.3%","61%","60.6%","60.4%","520","538","544","673","678","705","705","704","692","679"
421,"1.9%","1.7%","1.6%","3.5%","3.6%","57.3%","57.3%","57.3%","68.6%","57.8%","10","10","10","23","25","434","434","435","691","406"
422,"40.4%","28.9%","28.9%","34.1%","43.3%","51.9%","51.9%","61.4%","62.2%","52.4%","235","235","235","301","450","709","709","840","867","512"
423,"12.8%","12.6%","12.1%","11.1%","10.8%","8.9%","8.9%","12.6%","13.5%","18.2%","93","93","93","92","99","99","99","162","179","144"
424,"30.3%","30.2%","30.1%","26.6%","29.7%","25.6%","25.6%","28.8%","37.3%","32.6%","234","234","234","207","234","199","199","222","294","248"
425,"0%","0%","0%","0%","0%","31.3%","31.3%","33%","33.7%","52.9%","0","0","0","0","0","146","146","156","164","235"
426,"64%","64%","64%","63.9%","63.7%","86.5%","86.5%","86.5%","86.5%","86.7%","518","518","518","516","516","700","700","701","701","712"
428,"6.8%","6.6%","7%","4.6%","6.9%","8%","8%","8%","7.9%","8.4%","35","35","38","26","40","48","48","48","48","46"
430,"36.7%","36%","34.8%","32.4%","31.9%","33.1%","33.1%","40.9%","84.5%","80.6%","559","559","559","533","558","680","680","839","1,734","1,281"
431,"2.5%","2.8%","2.7%","4.6%","2.6%","2.2%","2.2%","2.5%","14.9%","15.8%","17","19","19","32","19","16","16","19","117","110"
432,"28%","27.6%","27%","26.9%","28.6%","27.3%","27.3%","28.4%","28.6%","28.1%","249","249","248","248","264","252","252","262","262","252"
433,"64.4%","64.4%","64.5%","64.6%","81.2%","80%","80%","91.1%","91.4%","91.4%","208","208","209","210","264","260","260","296","296","296"
434,"0%","0%","0%","0%","0%","6.5%","6.5%","11%","14.2%","6.6%","0","0","0","0","0","91","91","178","282","78"
435,"10.9%","10.2%","9.8%","9.8%","9.7%","9.8%","9.8%","9.8%","9.7%","9.8%","25","24","24","24","24","24","24","24","24","24"
436,"47.9%","47.9%","48%","47.9%","47.9%","47.8%","47.8%","47.8%","88.7%","88.7%","289","289","290","290","290","288","288","288","535","534"
437,"56.3%","54%","54%","52.9%","55.5%","66.7%","66.7%","78.2%","78%","73.7%","643","681","728","749","900","1,822","1,822","2,598","2,632","1,090"
438,"80%","82%","82.9%","78%","82.2%","96.6%","96.6%","99.6%","99.6%","99%","540","661","762","863","1,129","1,904","1,904","2,191","2,270","1,133"
442,"46.1%","45.6%","45.2%","44.1%","42.9%","96.8%","96.8%","96.8%","96.8%","97.1%","331","331","331","331","330","794","794","794","793","736"
443,"0%","0%","0%","0%","0%","0%","0%","0%","0%","0%","0","0","0","0","0","0","0","0","0","0"
444,"0%","0%","0%","0%","0%","0%","0%","0%","0%","0%","0","0","0","0","0","0","0","0","0","0"
445,"99.9%","99.9%","99.9%","99.9%","99.9%","99.8%","99.8%","99.8%","99.8%","99.8%","1,019","1,018","1,019","1,019","1,019","1,016","1,016","1,018","1,018","1,016"
446,"6.6%","6.4%","6.1%","19.2%","19.3%","52.1%","52.1%","47.6%","46.9%","51.5%","32","32","32","102","104","286","286","285","291","272"
447,"42.1%","41.8%","40.9%","87.7%","88.1%","66.9%","66.9%","67.4%","67.7%","88.2%","383","387","395","887","989","1,072","1,072","1,128","1,142","964"
448,"49.2%","50.4%","52.4%","54.1%","53.2%","56.8%","56.8%","100%","99.5%","99.5%","735","774","838","882","897","958","958","1,686","1,750","1,716"
449,"41.9%","42.4%","42.3%","41.6%","42.7%","47.7%","47.7%","47.4%","47.2%","43.5%","391","398","393","391","412","498","498","495","498","403"
450,"42%","41.1%","37.1%","40.2%","39.3%","45.2%","45.2%","45.6%","46.2%","48.1%","539","545","503","551","549","640","640","659","689","657"
451,"96.7%","96.9%","97%","96.8%","75.6%","74.8%","74.8%","83.7%","82.3%","78.8%","1,185","1,269","1,314","1,373","1,124","1,426","1,426","1,836","1,884","1,104"
452,"96.5%","96.5%","96.5%","97.8%","98.7%","99.5%","99.5%","98.8%","98.4%","96.9%","585","581","583","591","598","724","724","1,042","1,077","601"
453,"93.3%","93%","93.3%","98.1%","99.9%","99.9%","99.9%","99.9%","100%","100%","856","853","855","899","912","936","936","1,005","1,006","903"
454,"23%","23.1%","23.1%","23.1%","23%","30.9%","30.9%","30.7%","32.8%","34.7%","124","125","125","125","124","167","167","167","184","184"
455,"0%","0%","0%","0%","0%","19.6%","19.6%","22.3%","22%","22.9%","0","0","0","0","0","149","149","173","175","173"
456,"100%","100%","100%","47.1%","99.5%","100%","100%","100%","100%","100%","552","546","547","188","407","260","260","324","325","570"
457,"59.6%","59.5%","59.5%","59.4%","59.3%","59.8%","59.8%","59.7%","59.7%","59.9%","218","217","217","218","219","219","219","219","219","218"
458,"67.5%","67.5%","67.5%","84.8%","91.9%","92.6%","92.6%","91.9%","91.9%","86.2%","266","266","266","334","362","365","365","354","354","331"
459,"43.1%","43.1%","43.1%","43.1%","42.7%","67%","67%","71.6%","93.1%","92.5%","420","420","420","420","417","649","649","728","981","893"
460,"100%","100%","100%","100%","99.7%","99.8%","99.8%","76.2%","76.5%","100%","1,072","1,084","1,083","1,082","1,081","1,141","1,141","1,148","1,166","1,099"
462,"47%","46.7%","43.9%","42.7%","37.9%","33.3%","33.3%","27.1%","24.4%","38.5%","350","356","353","368","354","365","365","370","385","317"
463,"28%","27.9%","27.9%","34%","33.2%","69.5%","69.5%","69.8%","71.4%","93.1%","283","282","282","366","358","1,657","1,657","1,661","1,674","2,130"
464,"24.5%","21.4%","21.4%","19.4%","19.4%","43.6%","43.6%","46.3%","46.6%","17.9%","312","273","273","278","316","1,087","1,087","1,158","1,173","301"
465,"100%","100%","100%","100%","100%","100%","100%","100%","100%","100%","495","495","495","495","495","496","496","497","496","495"
466,"45.9%","46.3%","42.7%","45.2%","45.3%","51%","51%","50.5%","54.7%","56.5%","432","439","410","437","441","510","510","539","617","541"
467,"0%","0%","0%","35.2%","35.2%","35.3%","35.3%","24.9%","69%","55%","0","0","0","251","251","251","251","251","696","553"
468,"72.4%","70.5%","69.8%","74.4%","69.3%","65.1%","65.1%","73.8%","71.7%","78%","63","62","60","64","61","54","54","62","66","71"
469,"90.9%","91.1%","91%","90.1%","87%","86.9%","86.9%","95.4%","94.9%","95.7%","628","633","630","621","609","595","595","681","706","642"
470,"36.8%","37%","47.9%","48.3%","54%","61.5%","61.5%","61.6%","61.5%","62%","379","381","493","498","568","650","650","650","651","634"
471,"99.8%","99.8%","99.8%","97.8%","99.9%","99%","99%","99.9%","99.9%","99%","1,273","1,269","1,268","1,244","1,563","1,548","1,548","1,571","1,577","1,406"
472,"68.8%","69%","69.2%","68.7%","69.6%","70.2%","70.2%","70.4%","69%","70.1%","369","372","375","378","390","400","400","409","412","375"
473,"79.9%","80.1%","87.8%","87.7%","88.2%","88%","88%","88.3%","88.8%","100%","821","835","911","921","960","965","965","986","1,035","1,057"
474,"33.9%","34%","34.1%","35.5%","34.2%","35.6%","35.6%","36.8%","36.1%","35.5%","389","391","392","410","396","414","414","430","440","407"
475,"99.6%","99.6%","99.6%","100%","99.4%","99.7%","99.7%","99.9%","99.9%","99.8%","818","841","845","878","879","755","755","876","922","951"
476,"100%","100%","100%","100%","97.3%","100%","100%","100%","100%","100%","7,574","8,037","8,325","8,920","9,432","11,641","11,641","13,800","14,315","8,599"
